repeated_states,sum_reward,attempt,victory,total steps,actions
116,-11.999999999999973,0,True,119,"[0, 1, 5, 1, 4, 2, 4, 2, 8, 2, 8, 2, 8, 2, 8, 2, 8, 2, 8, 6, 8, 2, 8, 2, 8, 2, 8, 2, 8, 2, 8, 2, 8, 2, 8, 2, 8, 2, 8, 2, 8, 2, 8, 2, 8, 2, 8, 2, 8, 2, 8, 2, 8, 2, 8, 2, 8, 2, 8, 2, 8, 2, 8, 2, 8, 2, 8, 2, 8, 2, 8, 2, 8, 2, 8, 2, 8, 2, 8, 2, 8, 2, 8, 2, 8, 2, 8, 2, 8, 6, 0, 6, 0, 6, 0, 6, 0, 6, 0, 6, 0, 3, 3, 6, 0, 6, 0, 6, 0, 4, 4, 6, 5, 4, 5, 4, 2, 4, 2, 4]"
90,-11.999999999999973,1,True,119,"[6, 3, 3, 7, 3, 0, 6, 0, 4, 5, 0, 4, 8, 3, 5, 7, 7, 8, 4, 8, 5, 0, 5, 2, 4, 3, 5, 0, 5, 0, 5, 2, 4, 8, 5, 0, 5, 3, 5, 0, 5, 0, 5, 8, 8, 5, 0, 5, 3, 5, 0, 3, 7, 4, 4, 4, 3, 5, 0, 5, 4, 8, 5, 0, 5, 0, 5, 0, 5, 3, 5, 0, 5, 4, 8, 5, 0, 5, 0, 4, 3, 5, 4, 8, 5, 4, 5, 4, 3, 5, 0, 5, 4, 8, 5, 0, 5, 0, 5, 0, 4, 3, 0, 4, 4, 3, 5, 4, 4, 3, 5, 4, 8, 5, 1, 5, 4, 5, 4, 7]"
3,-11.999999999999973,2,True,119,"[3, 3, 3, 5, 3, 4, 4, 7, 4, 7, 4, 7, 4, 7, 4, 7, 4, 7, 4, 7, 4, 7, 4, 7, 4, 7, 4, 7, 4, 7, 4, 7, 4, 7, 4, 7, 4, 7, 4, 7, 4, 7, 4, 7, 4, 7, 4, 7, 4, 7, 4, 7, 4, 7, 4, 7, 4, 7, 4, 7, 4, 7, 4, 7, 4, 7, 4, 7, 4, 7, 4, 7, 4, 7, 4, 7, 4, 7, 4, 7, 4, 7, 4, 7, 4, 7, 4, 7, 4, 7, 4, 7, 4, 7, 4, 7, 4, 7, 4, 7, 4, 7, 4, 7, 4, 7, 4, 7, 4, 7, 4, 7, 4, 7, 4, 7, 4, 7, 4, 7]"
18,-11.999999999999975,3,True,119,"[1, 1, 3, 3, 3, 3, 3, 3, 6, 0, 2, 0, 2, 6, 5, 1, 4, 4, 5, 4, 4, 6, 4, 4, 1, 5, 1, 4, 1, 4, 1, 4, 3, 8, 3, 8, 3, 8, 3, 8, 3, 8, 3, 8, 3, 8, 3, 8, 3, 8, 3, 8, 3, 8, 3, 8, 3, 8, 3, 8, 3, 8, 3, 8, 3, 8, 3, 8, 3, 8, 3, 8, 3, 8, 3, 8, 3, 8, 3, 8, 3, 8, 3, 8, 3, 8, 3, 8, 3, 8, 3, 8, 3, 8, 3, 8, 3, 8, 3, 8, 3, 8, 3, 8, 3, 8, 3, 8, 3, 8, 3, 8, 3, 8, 3, 8, 3, 8, 3, 8]"
12,-11.999999999999975,4,True,119,"[6, 7, 2, 2, 2, 2, 2, 2, 2, 4, 4, 2, 2, 4, 1, 2, 1, 5, 1, 0, 1, 8, 3, 8, 3, 8, 3, 8, 3, 8, 3, 8, 3, 8, 3, 8, 3, 8, 3, 8, 3, 8, 3, 8, 3, 8, 3, 8, 3, 8, 3, 8, 3, 8, 3, 8, 3, 8, 3, 8, 3, 8, 3, 8, 3, 8, 3, 8, 3, 8, 3, 8, 3, 8, 3, 8, 3, 8, 3, 8, 3, 8, 3, 8, 3, 8, 3, 8, 3, 8, 3, 8, 3, 8, 3, 8, 3, 8, 3, 8, 3, 8, 3, 8, 3, 8, 3, 8, 3, 8, 3, 8, 3, 8, 3, 8, 3, 8, 3, 8]"
1,-11.999999999999973,5,True,119,"[5, 4, 3, 4, 3, 4, 3, 4, 3, 4, 3, 4, 3, 4, 3, 4, 3, 4, 3, 4, 3, 4, 3, 4, 3, 4, 3, 4, 3, 4, 3, 4, 3, 4, 3, 4, 3, 4, 3, 4, 3, 4, 3, 4, 3, 4, 3, 4, 3, 4, 3, 4, 3, 4, 3, 4, 3, 4, 3, 4, 3, 4, 3, 4, 3, 4, 3, 4, 3, 4, 3, 4, 3, 4, 3, 4, 3, 4, 3, 4, 3, 4, 3, 4, 3, 4, 3, 4, 3, 4, 3, 4, 3, 4, 3, 4, 3, 4, 3, 4, 3, 4, 3, 4, 3, 4, 3, 4, 3, 4, 3, 4, 3, 4, 3, 4, 3, 4, 3, 4]"
71,-11.999999999999973,6,True,119,"[4, 4, 4, 5, 5, 5, 5, 4, 4, 4, 4, 4, 0, 4, 0, 4, 0, 6, 4, 0, 6, 6, 6, 6, 6, 0, 6, 0, 6, 0, 4, 8, 1, 3, 0, 6, 0, 3, 1, 3, 0, 6, 0, 5, 3, 0, 6, 4, 7, 1, 3, 0, 6, 0, 5, 3, 0, 6, 4, 5, 3, 0, 6, 4, 5, 3, 0, 6, 4, 5, 3, 0, 6, 4, 5, 3, 0, 6, 4, 5, 3, 0, 6, 4, 5, 3, 0, 6, 4, 5, 3, 0, 6, 4, 5, 3, 0, 6, 4, 5, 3, 0, 6, 4, 5, 3, 0, 6, 4, 5, 3, 0, 6, 4, 5, 3, 0, 6, 4, 5]"
13,-11.999999999999973,7,True,119,"[0, 2, 7, 7, 8, 8, 8, 2, 2, 2, 8, 2, 1, 8, 4, 7, 7, 1, 4, 1, 1, 0, 6, 4, 0, 6, 4, 7, 8, 7, 8, 7, 8, 7, 8, 7, 8, 7, 8, 7, 8, 7, 8, 7, 8, 7, 8, 7, 8, 7, 8, 7, 8, 7, 8, 7, 8, 7, 8, 7, 8, 7, 8, 7, 8, 7, 8, 7, 8, 7, 8, 7, 8, 7, 8, 7, 8, 7, 8, 7, 8, 7, 8, 7, 8, 7, 8, 7, 8, 7, 8, 7, 8, 7, 8, 7, 8, 7, 8, 7, 8, 7, 8, 7, 8, 7, 8, 7, 8, 7, 8, 7, 8, 7, 8, 7, 8, 7, 8, 7]"
65,-11.999999999999973,8,True,119,"[8, 8, 8, 8, 1, 8, 1, 8, 1, 2, 7, 1, 1, 7, 7, 7, 7, 2, 7, 6, 2, 4, 2, 4, 2, 4, 2, 4, 2, 4, 2, 4, 2, 4, 2, 4, 2, 4, 2, 4, 2, 4, 2, 4, 2, 4, 2, 4, 2, 4, 2, 4, 2, 4, 2, 4, 2, 4, 2, 4, 2, 4, 2, 4, 2, 4, 2, 4, 2, 4, 2, 4, 2, 4, 2, 1, 6, 1, 6, 1, 6, 1, 6, 1, 6, 1, 6, 1, 6, 1, 6, 1, 6, 1, 6, 1, 6, 1, 6, 1, 6, 1, 6, 1, 6, 1, 6, 1, 6, 1, 6, 1, 6, 1, 6, 1, 6, 1, 6, 1]"
1,-11.999999999999973,9,True,119,"[5, 4, 7, 4, 7, 4, 7, 4, 7, 4, 7, 4, 7, 4, 7, 4, 7, 4, 7, 4, 7, 4, 7, 4, 7, 4, 7, 4, 7, 4, 7, 4, 7, 4, 7, 4, 7, 4, 7, 4, 7, 4, 7, 4, 7, 4, 7, 4, 7, 4, 7, 4, 7, 4, 7, 4, 7, 4, 7, 4, 7, 4, 7, 4, 7, 4, 7, 4, 7, 4, 7, 4, 7, 4, 7, 4, 7, 4, 7, 4, 7, 4, 7, 4, 7, 4, 7, 4, 7, 4, 7, 4, 7, 4, 7, 4, 7, 4, 7, 4, 7, 4, 7, 4, 7, 4, 7, 4, 7, 4, 7, 4, 7, 4, 7, 4, 7, 4, 7, 4]"
24,-10.999999999999977,10,True,119,"[6, 6, 2, 1, 1, 1, 3, 3, 3, 3, 5, 3, 8, 8, 8, 8, 4, 8, 2, 2, 0, 1, 1, 7, 5, 0, 1, 0, 8, 1, 0, 1, 0, 1, 0, 1, 0, 1, 0, 2, 2, 1, 2, 1, 2, 1, 2, 1, 2, 1, 2, 1, 2, 1, 2, 1, 2, 1, 2, 1, 2, 1, 2, 1, 2, 1, 2, 1, 2, 1, 2, 1, 2, 1, 2, 1, 2, 1, 2, 1, 2, 1, 2, 1, 2, 1, 2, 1, 2, 1, 2, 1, 2, 1, 2, 1, 2, 1, 2, 1, 2, 1, 2, 1, 2, 1, 2, 1, 2, 1, 2, 1, 2, 1, 2, 1, 2, 1, 2, 1]"
2,-10.999999999999977,11,True,119,"[2, 5, 1, 6, 1, 6, 1, 6, 1, 6, 1, 6, 1, 6, 1, 6, 1, 6, 1, 6, 1, 6, 1, 6, 1, 6, 1, 6, 1, 6, 1, 6, 1, 6, 1, 6, 1, 6, 1, 6, 1, 6, 1, 6, 1, 6, 1, 6, 1, 6, 1, 6, 1, 6, 1, 6, 1, 6, 1, 6, 1, 6, 1, 6, 1, 6, 1, 6, 1, 6, 1, 6, 1, 6, 1, 6, 1, 6, 1, 6, 1, 6, 1, 6, 1, 6, 1, 6, 1, 6, 1, 6, 1, 6, 1, 6, 1, 6, 1, 6, 1, 6, 1, 6, 1, 6, 1, 6, 1, 6, 1, 6, 1, 6, 1, 6, 1, 6, 1, 6]"
47,-11.999999999999973,12,True,119,"[1, 1, 0, 2, 2, 0, 2, 0, 2, 0, 7, 1, 8, 1, 5, 1, 5, 1, 5, 1, 5, 1, 5, 1, 7, 5, 1, 5, 1, 5, 1, 5, 1, 7, 1, 5, 1, 4, 1, 5, 1, 5, 1, 5, 1, 7, 5, 1, 5, 1, 5, 1, 5, 1, 4, 3, 4, 3, 4, 3, 4, 3, 4, 3, 4, 3, 4, 3, 4, 3, 4, 3, 4, 3, 4, 3, 4, 3, 4, 3, 4, 3, 4, 3, 4, 3, 4, 3, 4, 3, 4, 3, 4, 3, 4, 3, 4, 3, 4, 3, 4, 3, 4, 3, 4, 3, 4, 3, 4, 3, 4, 3, 4, 3, 4, 3, 4, 3, 4, 3]"
118,-11.999999999999973,13,True,119,"[3, 2, 8, 8, 3, 3, 0, 1, 0, 1, 2, 1, 2, 1, 2, 1, 2, 1, 2, 1, 2, 1, 2, 1, 2, 1, 2, 1, 2, 1, 2, 1, 2, 1, 2, 1, 2, 1, 2, 1, 2, 1, 2, 1, 2, 1, 2, 1, 2, 1, 2, 1, 2, 1, 2, 1, 2, 1, 2, 1, 2, 1, 2, 1, 2, 1, 2, 1, 2, 1, 2, 1, 2, 1, 2, 1, 2, 1, 2, 1, 2, 1, 2, 1, 2, 1, 0, 1, 0, 1, 0, 1, 0, 1, 0, 1, 0, 1, 0, 1, 0, 1, 0, 1, 0, 1, 0, 1, 0, 5, 0, 5, 0, 5, 0, 5, 6, 5, 6, 5]"
5,-10.999999999999977,14,True,119,"[8, 4, 4, 4, 4, 1, 1, 6, 6, 6, 3, 7, 7, 7, 7, 6, 1, 6, 1, 6, 1, 6, 1, 6, 1, 6, 1, 6, 1, 6, 1, 6, 1, 6, 1, 6, 1, 6, 1, 6, 1, 6, 1, 6, 1, 6, 1, 6, 1, 6, 1, 6, 1, 6, 1, 6, 1, 6, 1, 6, 1, 6, 1, 6, 1, 6, 1, 6, 1, 6, 1, 6, 1, 6, 1, 6, 1, 6, 1, 6, 1, 6, 1, 6, 1, 6, 1, 6, 1, 6, 1, 6, 1, 6, 1, 6, 1, 6, 1, 6, 1, 6, 1, 6, 1, 6, 1, 6, 1, 6, 1, 6, 1, 6, 1, 6, 1, 6, 1, 6]"
27,-11.999999999999973,15,True,119,"[2, 2, 2, 2, 8, 8, 8, 8, 2, 2, 2, 2, 0, 5, 5, 0, 2, 6, 2, 0, 6, 0, 6, 0, 6, 0, 6, 7, 0, 6, 0, 6, 0, 6, 0, 6, 7, 6, 5, 3, 0, 2, 4, 4, 1, 4, 1, 7, 2, 3, 4, 3, 4, 3, 4, 3, 4, 3, 4, 3, 4, 3, 4, 3, 4, 3, 4, 3, 4, 3, 4, 3, 4, 3, 4, 3, 4, 3, 4, 3, 4, 3, 4, 3, 4, 3, 4, 3, 4, 3, 4, 3, 4, 3, 4, 3, 4, 3, 4, 3, 4, 3, 4, 3, 4, 3, 4, 3, 4, 3, 4, 3, 4, 3, 4, 3, 4, 3, 4, 3]"
18,-11.999999999999973,16,True,119,"[6, 7, 7, 1, 7, 0, 2, 0, 1, 0, 1, 0, 1, 0, 1, 0, 1, 8, 0, 1, 7, 1, 6, 1, 6, 1, 6, 1, 6, 1, 6, 1, 6, 1, 6, 1, 6, 1, 6, 1, 6, 1, 6, 1, 6, 1, 6, 1, 6, 1, 6, 1, 6, 1, 6, 1, 6, 1, 6, 1, 6, 1, 6, 1, 6, 1, 6, 1, 6, 1, 6, 1, 6, 1, 6, 1, 6, 1, 6, 1, 6, 1, 6, 1, 6, 1, 6, 1, 6, 1, 6, 1, 6, 1, 6, 1, 6, 1, 6, 1, 6, 1, 6, 1, 6, 1, 6, 1, 6, 1, 6, 1, 6, 1, 6, 1, 6, 1, 6, 1]"
38,-11.999999999999973,17,True,119,"[1, 5, 6, 6, 5, 5, 6, 6, 5, 5, 0, 4, 0, 3, 2, 4, 4, 6, 6, 4, 0, 4, 0, 4, 0, 8, 7, 3, 7, 4, 6, 2, 4, 2, 4, 2, 0, 5, 8, 0, 5, 4, 2, 0, 4, 7, 2, 0, 3, 1, 1, 2, 5, 2, 5, 2, 5, 2, 5, 2, 5, 2, 5, 2, 5, 2, 5, 2, 5, 2, 5, 2, 5, 2, 5, 2, 5, 2, 5, 2, 5, 2, 5, 2, 5, 2, 5, 2, 5, 2, 5, 2, 5, 2, 5, 2, 5, 2, 5, 2, 5, 2, 5, 2, 5, 2, 5, 2, 5, 2, 5, 2, 5, 2, 5, 2, 5, 2, 5, 2]"
29,-11.999999999999973,18,True,119,"[4, 8, 3, 4, 3, 4, 0, 5, 0, 1, 8, 1, 8, 1, 8, 1, 8, 1, 8, 7, 2, 2, 3, 5, 8, 8, 6, 7, 0, 4, 4, 0, 5, 0, 1, 8, 7, 1, 6, 1, 6, 1, 6, 1, 6, 1, 6, 1, 6, 1, 6, 1, 6, 1, 6, 1, 6, 1, 6, 1, 6, 1, 6, 1, 6, 1, 6, 1, 6, 1, 6, 1, 6, 1, 6, 1, 6, 1, 6, 1, 6, 1, 6, 1, 6, 1, 6, 1, 6, 1, 6, 1, 6, 1, 6, 1, 6, 1, 6, 1, 6, 1, 6, 1, 6, 1, 6, 1, 6, 1, 6, 1, 6, 1, 6, 1, 6, 1, 6, 1]"
22,-11.999999999999973,19,True,119,"[8, 8, 7, 7, 7, 8, 8, 8, 7, 7, 7, 4, 4, 4, 6, 4, 3, 7, 6, 1, 3, 5, 4, 7, 7, 7, 4, 2, 6, 4, 4, 5, 4, 6, 3, 4, 4, 4, 4, 7, 7, 6, 4, 2, 8, 6, 5, 5, 3, 7, 4, 3, 4, 3, 4, 3, 4, 3, 4, 3, 4, 3, 4, 3, 4, 3, 4, 3, 4, 3, 4, 3, 4, 3, 4, 3, 4, 3, 4, 3, 4, 3, 4, 3, 4, 3, 4, 3, 4, 3, 4, 3, 4, 3, 4, 3, 4, 3, 4, 3, 4, 3, 4, 3, 4, 3, 4, 3, 4, 3, 4, 3, 4, 3, 4, 3, 4, 3, 4, 3]"
1,-11.999999999999973,20,True,119,"[0, 2, 5, 2, 5, 2, 5, 2, 5, 2, 5, 2, 5, 2, 5, 2, 5, 2, 5, 2, 5, 2, 5, 2, 5, 2, 5, 2, 5, 2, 5, 2, 5, 2, 5, 2, 5, 2, 5, 2, 5, 2, 5, 2, 5, 2, 5, 2, 5, 2, 5, 2, 5, 2, 5, 2, 5, 2, 5, 2, 5, 2, 5, 2, 5, 2, 5, 2, 5, 2, 5, 2, 5, 2, 5, 2, 5, 2, 5, 2, 5, 2, 5, 2, 5, 2, 5, 2, 5, 2, 5, 2, 5, 2, 5, 2, 5, 2, 5, 2, 5, 2, 5, 2, 5, 2, 5, 2, 5, 2, 5, 2, 5, 2, 5, 2, 5, 2, 5, 2]"
3,-11.999999999999973,21,True,119,"[5, 5, 5, 3, 0, 6, 6, 2, 1, 2, 1, 2, 1, 2, 1, 2, 1, 2, 1, 2, 1, 2, 1, 2, 1, 2, 1, 2, 1, 2, 1, 2, 1, 2, 1, 2, 1, 2, 1, 2, 1, 2, 1, 2, 1, 2, 1, 2, 1, 2, 1, 2, 1, 2, 1, 2, 1, 2, 1, 2, 1, 2, 1, 2, 1, 2, 1, 2, 1, 2, 1, 2, 1, 2, 1, 2, 1, 2, 1, 2, 1, 2, 1, 2, 1, 2, 1, 2, 1, 2, 1, 2, 1, 2, 1, 2, 1, 2, 1, 2, 1, 2, 1, 2, 1, 2, 1, 2, 1, 2, 1, 2, 1, 2, 1, 2, 1, 2, 1, 2]"
9,-11.999999999999973,22,True,119,"[3, 3, 0, 5, 5, 5, 2, 8, 5, 4, 4, 2, 5, 6, 5, 3, 2, 2, 2, 7, 7, 7, 2, 1, 2, 1, 2, 1, 2, 1, 2, 1, 2, 1, 2, 1, 2, 1, 2, 1, 2, 1, 2, 1, 2, 1, 2, 1, 2, 1, 2, 1, 2, 1, 2, 1, 2, 1, 2, 1, 2, 1, 2, 1, 2, 1, 2, 1, 2, 1, 2, 1, 2, 1, 2, 1, 2, 1, 2, 1, 2, 1, 2, 1, 2, 1, 2, 1, 2, 1, 2, 1, 2, 1, 2, 1, 2, 1, 2, 1, 2, 1, 2, 1, 2, 1, 2, 1, 2, 1, 2, 1, 2, 1, 2, 1, 2, 1, 2, 1]"
0,0.0,23,False,0,[]
16,-11.999999999999973,24,True,119,"[3, 4, 8, 4, 5, 7, 1, 6, 0, 2, 8, 8, 5, 8, 1, 7, 1, 0, 4, 5, 6, 2, 5, 2, 5, 2, 5, 2, 5, 2, 5, 2, 5, 2, 5, 2, 5, 2, 5, 2, 5, 2, 5, 2, 5, 2, 5, 2, 5, 2, 5, 2, 5, 2, 5, 2, 5, 2, 5, 2, 5, 2, 5, 2, 5, 2, 5, 2, 5, 2, 5, 2, 5, 2, 5, 2, 5, 2, 5, 2, 5, 2, 5, 2, 5, 2, 5, 2, 5, 2, 5, 2, 5, 2, 5, 2, 5, 2, 5, 2, 5, 2, 5, 2, 5, 2, 5, 2, 5, 2, 5, 2, 5, 2, 5, 2, 5, 2, 5, 2]"
116,-11.999999999999973,25,True,119,"[2, 4, 5, 6, 5, 6, 7, 6, 7, 6, 7, 6, 7, 6, 0, 1, 4, 4, 0, 4, 0, 4, 0, 4, 0, 4, 0, 4, 0, 4, 0, 6, 7, 2, 2, 7, 6, 0, 6, 0, 6, 0, 6, 0, 6, 0, 6, 7, 6, 7, 6, 7, 6, 7, 6, 7, 6, 7, 6, 7, 6, 7, 6, 7, 6, 7, 6, 7, 6, 7, 6, 7, 6, 7, 6, 7, 6, 7, 6, 7, 6, 7, 6, 7, 6, 7, 6, 7, 6, 7, 6, 7, 6, 7, 6, 7, 6, 7, 6, 7, 6, 7, 6, 7, 6, 7, 6, 7, 6, 7, 6, 7, 6, 0, 6, 0, 6, 0, 6, 0]"
6,-11.999999999999973,26,True,119,"[5, 5, 4, 4, 8, 8, 8, 2, 7, 4, 7, 1, 1, 7, 7, 8, 7, 8, 7, 8, 7, 8, 7, 8, 7, 8, 7, 8, 7, 8, 7, 8, 7, 8, 7, 8, 7, 8, 7, 8, 7, 8, 7, 8, 7, 8, 7, 8, 7, 8, 7, 8, 7, 8, 7, 8, 7, 8, 7, 8, 7, 8, 7, 8, 7, 8, 7, 8, 7, 8, 7, 8, 7, 8, 7, 8, 7, 8, 7, 8, 7, 8, 7, 8, 7, 8, 7, 8, 7, 8, 7, 8, 7, 8, 7, 8, 7, 8, 7, 8, 7, 8, 7, 8, 7, 8, 7, 8, 7, 8, 7, 8, 7, 8, 7, 8, 7, 8, 7, 8]"
47,-11.999999999999973,27,True,119,"[3, 3, 3, 4, 4, 4, 6, 6, 8, 1, 1, 5, 1, 5, 2, 2, 4, 2, 4, 2, 5, 4, 0, 4, 6, 2, 4, 2, 5, 4, 0, 4, 6, 2, 4, 2, 5, 4, 0, 4, 6, 2, 4, 2, 5, 4, 7, 2, 2, 4, 5, 4, 2, 2, 4, 2, 5, 4, 6, 2, 4, 3, 7, 1, 1, 3, 3, 1, 5, 1, 5, 6, 5, 2, 4, 3, 4, 3, 4, 3, 4, 3, 4, 3, 4, 3, 4, 3, 4, 3, 4, 3, 4, 3, 4, 3, 4, 3, 4, 3, 4, 3, 4, 3, 4, 3, 4, 3, 4, 3, 4, 3, 4, 3, 4, 3, 4, 3, 4, 3]"
2,-11.999999999999973,28,True,119,"[1, 1, 1, 5, 6, 1, 6, 1, 6, 1, 6, 1, 6, 1, 6, 1, 6, 1, 6, 1, 6, 1, 6, 1, 6, 1, 6, 1, 6, 1, 6, 1, 6, 1, 6, 1, 6, 1, 6, 1, 6, 1, 6, 1, 6, 1, 6, 1, 6, 1, 6, 1, 6, 1, 6, 1, 6, 1, 6, 1, 6, 1, 6, 1, 6, 1, 6, 1, 6, 1, 6, 1, 6, 1, 6, 1, 6, 1, 6, 1, 6, 1, 6, 1, 6, 1, 6, 1, 6, 1, 6, 1, 6, 1, 6, 1, 6, 1, 6, 1, 6, 1, 6, 1, 6, 1, 6, 1, 6, 1, 6, 1, 6, 1, 6, 1, 6, 1, 6, 1]"
5,-11.999999999999973,29,True,119,"[5, 5, 5, 5, 0, 5, 6, 6, 6, 6, 2, 1, 1, 1, 8, 6, 1, 6, 1, 6, 1, 6, 1, 6, 1, 6, 1, 6, 1, 6, 1, 6, 1, 6, 1, 6, 1, 6, 1, 6, 1, 6, 1, 6, 1, 6, 1, 6, 1, 6, 1, 6, 1, 6, 1, 6, 1, 6, 1, 6, 1, 6, 1, 6, 1, 6, 1, 6, 1, 6, 1, 6, 1, 6, 1, 6, 1, 6, 1, 6, 1, 6, 1, 6, 1, 6, 1, 6, 1, 6, 1, 6, 1, 6, 1, 6, 1, 6, 1, 6, 1, 6, 1, 6, 1, 6, 1, 6, 1, 6, 1, 6, 1, 6, 1, 6, 1, 6, 1, 6]"
13,-10.999999999999979,30,True,119,"[7, 2, 1, 1, 0, 5, 3, 5, 8, 6, 7, 0, 4, 0, 4, 2, 1, 0, 5, 6, 5, 6, 5, 6, 5, 6, 5, 6, 5, 6, 5, 6, 5, 6, 5, 6, 5, 6, 5, 6, 5, 6, 5, 6, 5, 6, 5, 6, 5, 6, 5, 6, 5, 6, 5, 6, 5, 6, 5, 6, 5, 6, 5, 6, 5, 6, 5, 6, 5, 6, 5, 6, 5, 6, 5, 6, 5, 6, 5, 6, 5, 6, 5, 6, 5, 6, 5, 6, 5, 6, 5, 6, 5, 6, 5, 6, 5, 6, 5, 6, 5, 6, 5, 6, 5, 6, 5, 6, 5, 6, 5, 6, 5, 6, 5, 6, 5, 6, 5, 6]"
13,-11.999999999999973,31,True,119,"[4, 4, 4, 4, 4, 4, 5, 3, 2, 0, 6, 0, 6, 0, 6, 0, 1, 0, 2, 8, 3, 8, 3, 8, 3, 8, 3, 8, 3, 8, 3, 8, 3, 8, 3, 8, 3, 8, 3, 8, 3, 8, 3, 8, 3, 8, 3, 8, 3, 8, 3, 8, 3, 8, 3, 8, 3, 8, 3, 8, 3, 8, 3, 8, 3, 8, 3, 8, 3, 8, 3, 8, 3, 8, 3, 8, 3, 8, 3, 8, 3, 8, 3, 8, 3, 8, 3, 8, 3, 8, 3, 8, 3, 8, 3, 8, 3, 8, 3, 8, 3, 8, 3, 8, 3, 8, 3, 8, 3, 8, 3, 8, 3, 8, 3, 8, 3, 8, 3, 8]"
2,-11.999999999999973,32,True,119,"[2, 2, 2, 2, 2, 6, 4, 1, 2, 1, 2, 1, 2, 1, 2, 1, 2, 1, 2, 1, 2, 1, 2, 1, 2, 1, 2, 1, 2, 1, 2, 1, 2, 1, 2, 1, 2, 1, 2, 1, 2, 1, 2, 1, 2, 1, 2, 1, 2, 1, 2, 1, 2, 1, 2, 1, 2, 1, 2, 1, 2, 1, 2, 1, 2, 1, 2, 1, 2, 1, 2, 1, 2, 1, 2, 1, 2, 1, 2, 1, 2, 1, 2, 1, 2, 1, 2, 1, 2, 1, 2, 1, 2, 1, 2, 1, 2, 1, 2, 1, 2, 1, 2, 1, 2, 1, 2, 1, 2, 1, 2, 1, 2, 1, 2, 1, 2, 1, 2, 1]"
8,-11.999999999999973,33,True,119,"[3, 3, 2, 7, 0, 1, 1, 7, 2, 7, 4, 4, 6, 6, 6, 8, 2, 2, 5, 2, 5, 2, 5, 2, 5, 2, 5, 2, 5, 2, 5, 2, 5, 2, 5, 2, 5, 2, 5, 2, 5, 2, 5, 2, 5, 2, 5, 2, 5, 2, 5, 2, 5, 2, 5, 2, 5, 2, 5, 2, 5, 2, 5, 2, 5, 2, 5, 2, 5, 2, 5, 2, 5, 2, 5, 2, 5, 2, 5, 2, 5, 2, 5, 2, 5, 2, 5, 2, 5, 2, 5, 2, 5, 2, 5, 2, 5, 2, 5, 2, 5, 2, 5, 2, 5, 2, 5, 2, 5, 2, 5, 2, 5, 2, 5, 2, 5, 2, 5, 2]"
10,-11.999999999999975,34,True,119,"[0, 3, 3, 3, 3, 7, 5, 0, 2, 8, 6, 2, 8, 6, 4, 4, 0, 8, 3, 1, 6, 1, 6, 1, 6, 1, 6, 1, 6, 1, 6, 1, 6, 1, 6, 1, 6, 1, 6, 1, 6, 1, 6, 1, 6, 1, 6, 1, 6, 1, 6, 1, 6, 1, 6, 1, 6, 1, 6, 1, 6, 1, 6, 1, 6, 1, 6, 1, 6, 1, 6, 1, 6, 1, 6, 1, 6, 1, 6, 1, 6, 1, 6, 1, 6, 1, 6, 1, 6, 1, 6, 1, 6, 1, 6, 1, 6, 1, 6, 1, 6, 1, 6, 1, 6, 1, 6, 1, 6, 1, 6, 1, 6, 1, 6, 1, 6, 1, 6, 1]"
9,-11.999999999999973,35,True,119,"[1, 7, 7, 1, 5, 7, 0, 7, 4, 4, 1, 8, 7, 4, 7, 4, 7, 4, 7, 4, 7, 4, 7, 4, 7, 4, 7, 4, 7, 4, 7, 4, 7, 4, 7, 4, 7, 4, 7, 4, 7, 4, 7, 4, 7, 4, 7, 4, 7, 4, 7, 4, 7, 4, 7, 4, 7, 4, 7, 4, 7, 4, 7, 4, 7, 4, 7, 4, 7, 4, 7, 4, 7, 4, 7, 4, 7, 4, 7, 4, 7, 4, 7, 4, 7, 4, 7, 4, 7, 4, 7, 4, 7, 4, 7, 4, 7, 4, 7, 4, 7, 4, 7, 4, 7, 4, 7, 4, 7, 4, 7, 4, 7, 4, 7, 4, 7, 4, 7, 4]"
44,-9.99999999999998,36,True,119,"[4, 4, 7, 2, 6, 2, 4, 0, 7, 3, 5, 0, 4, 8, 8, 2, 0, 7, 3, 5, 0, 1, 0, 1, 0, 3, 5, 6, 3, 5, 0, 1, 7, 4, 8, 8, 8, 8, 8, 3, 7, 4, 8, 6, 4, 7, 3, 5, 0, 4, 8, 8, 8, 8, 2, 4, 7, 3, 5, 0, 4, 8, 8, 8, 6, 4, 7, 3, 5, 6, 5, 6, 5, 6, 5, 6, 5, 6, 5, 6, 5, 6, 5, 6, 5, 6, 5, 6, 5, 6, 5, 6, 5, 6, 5, 6, 5, 6, 5, 6, 5, 6, 5, 6, 5, 6, 5, 6, 5, 6, 5, 6, 5, 6, 5, 6, 5, 6, 5, 6]"
23,-11.999999999999975,37,True,119,"[3, 6, 8, 2, 2, 0, 8, 0, 3, 2, 3, 0, 3, 0, 3, 0, 3, 0, 2, 4, 8, 6, 7, 5, 5, 8, 8, 0, 3, 2, 7, 1, 2, 1, 2, 1, 2, 1, 2, 1, 2, 1, 2, 1, 2, 1, 2, 1, 2, 1, 2, 1, 2, 1, 2, 1, 2, 1, 2, 1, 2, 1, 2, 1, 2, 1, 2, 1, 2, 1, 2, 1, 2, 1, 2, 1, 2, 1, 2, 1, 2, 1, 2, 1, 2, 1, 2, 1, 2, 1, 2, 1, 2, 1, 2, 1, 2, 1, 2, 1, 2, 1, 2, 1, 2, 1, 2, 1, 2, 1, 2, 1, 2, 1, 2, 1, 2, 1, 2, 1]"
0,-11.999999999999973,38,True,119,"[6, 1, 6, 1, 6, 1, 6, 1, 6, 1, 6, 1, 6, 1, 6, 1, 6, 1, 6, 1, 6, 1, 6, 1, 6, 1, 6, 1, 6, 1, 6, 1, 6, 1, 6, 1, 6, 1, 6, 1, 6, 1, 6, 1, 6, 1, 6, 1, 6, 1, 6, 1, 6, 1, 6, 1, 6, 1, 6, 1, 6, 1, 6, 1, 6, 1, 6, 1, 6, 1, 6, 1, 6, 1, 6, 1, 6, 1, 6, 1, 6, 1, 6, 1, 6, 1, 6, 1, 6, 1, 6, 1, 6, 1, 6, 1, 6, 1, 6, 1, 6, 1, 6, 1, 6, 1, 6, 1, 6, 1, 6, 1, 6, 1, 6, 1, 6, 1, 6, 1]"
112,-11.999999999999973,39,True,119,"[5, 3, 6, 6, 5, 5, 8, 6, 1, 8, 8, 8, 8, 1, 5, 3, 5, 0, 0, 0, 0, 0, 0, 0, 0, 0, 0, 0, 0, 0, 0, 0, 0, 0, 0, 0, 0, 0, 0, 0, 0, 0, 0, 0, 0, 0, 0, 0, 0, 0, 0, 0, 0, 0, 0, 0, 0, 0, 0, 0, 0, 0, 0, 0, 0, 0, 0, 0, 0, 0, 0, 0, 0, 0, 0, 0, 0, 0, 0, 0, 0, 0, 0, 0, 0, 0, 0, 0, 0, 0, 0, 0, 0, 0, 0, 0, 0, 0, 0, 0, 0, 0, 0, 0, 0, 0, 0, 0, 0, 0, 0, 0, 0, 0, 0, 0, 0, 0, 0, 0]"
26,-11.999999999999973,40,True,119,"[0, 3, 4, 8, 4, 4, 4, 4, 4, 4, 4, 4, 4, 4, 4, 2, 2, 0, 1, 1, 8, 4, 8, 5, 1, 5, 7, 2, 3, 0, 3, 6, 1, 6, 1, 6, 1, 6, 1, 6, 1, 6, 1, 6, 1, 6, 1, 6, 1, 6, 1, 6, 1, 6, 1, 6, 1, 6, 1, 6, 1, 6, 1, 6, 1, 6, 1, 6, 1, 6, 1, 6, 1, 6, 1, 6, 1, 6, 1, 6, 1, 6, 1, 6, 1, 6, 1, 6, 1, 6, 1, 6, 1, 6, 1, 6, 1, 6, 1, 6, 1, 6, 1, 6, 1, 6, 1, 6, 1, 6, 1, 6, 1, 6, 1, 6, 1, 6, 1, 6]"
12,-11.999999999999973,41,True,119,"[0, 2, 2, 4, 4, 5, 8, 5, 8, 6, 3, 8, 8, 8, 8, 8, 8, 3, 1, 3, 3, 5, 2, 5, 2, 5, 2, 5, 2, 5, 2, 5, 2, 5, 2, 5, 2, 5, 2, 5, 2, 5, 2, 5, 2, 5, 2, 5, 2, 5, 2, 5, 2, 5, 2, 5, 2, 5, 2, 5, 2, 5, 2, 5, 2, 5, 2, 5, 2, 5, 2, 5, 2, 5, 2, 5, 2, 5, 2, 5, 2, 5, 2, 5, 2, 5, 2, 5, 2, 5, 2, 5, 2, 5, 2, 5, 2, 5, 2, 5, 2, 5, 2, 5, 2, 5, 2, 5, 2, 5, 2, 5, 2, 5, 2, 5, 2, 5, 2, 5]"
9,-11.999999999999973,42,True,119,"[6, 6, 6, 6, 0, 7, 8, 8, 4, 8, 8, 8, 8, 8, 8, 0, 0, 5, 0, 0, 5, 2, 5, 2, 5, 2, 5, 2, 5, 2, 5, 2, 5, 2, 5, 2, 5, 2, 5, 2, 5, 2, 5, 2, 5, 2, 5, 2, 5, 2, 5, 2, 5, 2, 5, 2, 5, 2, 5, 2, 5, 2, 5, 2, 5, 2, 5, 2, 5, 2, 5, 2, 5, 2, 5, 2, 5, 2, 5, 2, 5, 2, 5, 2, 5, 2, 5, 2, 5, 2, 5, 2, 5, 2, 5, 2, 5, 2, 5, 2, 5, 2, 5, 2, 5, 2, 5, 2, 5, 2, 5, 2, 5, 2, 5, 2, 5, 2, 5, 2]"
33,-11.999999999999973,43,True,119,"[1, 3, 3, 3, 3, 5, 0, 4, 4, 4, 4, 0, 4, 0, 4, 0, 4, 2, 6, 7, 1, 7, 2, 0, 4, 4, 0, 4, 0, 5, 5, 7, 2, 0, 4, 4, 0, 4, 2, 7, 5, 4, 0, 4, 1, 5, 5, 3, 2, 8, 4, 4, 1, 5, 7, 2, 8, 3, 8, 3, 8, 3, 8, 3, 8, 3, 8, 3, 8, 3, 8, 3, 8, 3, 8, 3, 8, 3, 8, 3, 8, 3, 8, 3, 8, 3, 8, 3, 8, 3, 8, 3, 8, 3, 8, 3, 8, 3, 8, 3, 8, 3, 8, 3, 8, 3, 8, 3, 8, 3, 8, 3, 8, 3, 8, 3, 8, 3, 8, 3]"
5,-11.999999999999973,44,True,119,"[0, 2, 4, 8, 1, 1, 0, 3, 2, 5, 2, 5, 2, 5, 2, 5, 2, 5, 2, 5, 2, 5, 2, 5, 2, 5, 2, 5, 2, 5, 2, 5, 2, 5, 2, 5, 2, 5, 2, 5, 2, 5, 2, 5, 2, 5, 2, 5, 2, 5, 2, 5, 2, 5, 2, 5, 2, 5, 2, 5, 2, 5, 2, 5, 2, 5, 2, 5, 2, 5, 2, 5, 2, 5, 2, 5, 2, 5, 2, 5, 2, 5, 2, 5, 2, 5, 2, 5, 2, 5, 2, 5, 2, 5, 2, 5, 2, 5, 2, 5, 2, 5, 2, 5, 2, 5, 2, 5, 2, 5, 2, 5, 2, 5, 2, 5, 2, 5, 2, 5]"
116,-11.999999999999973,45,True,119,"[1, 1, 0, 1, 1, 1, 1, 1, 4, 0, 0, 5, 0, 0, 0, 0, 0, 0, 0, 0, 0, 0, 0, 0, 0, 0, 0, 0, 0, 0, 0, 0, 0, 0, 0, 0, 0, 0, 0, 0, 0, 0, 0, 0, 0, 0, 0, 0, 0, 0, 0, 0, 0, 0, 0, 2, 4, 1, 0, 0, 0, 0, 2, 0, 0, 0, 0, 0, 0, 0, 0, 0, 0, 0, 0, 0, 0, 0, 0, 0, 0, 0, 0, 0, 0, 0, 0, 0, 0, 0, 0, 0, 0, 0, 0, 0, 0, 0, 0, 0, 0, 0, 0, 0, 0, 0, 0, 0, 0, 0, 0, 0, 0, 0, 0, 0, 0, 0, 0, 0]"
111,-10.999999999999977,46,True,119,"[3, 2, 3, 2, 0, 6, 7, 5, 8, 8, 5, 5, 5, 5, 5, 5, 5, 5, 5, 5, 5, 5, 5, 5, 5, 5, 5, 5, 5, 5, 5, 5, 5, 5, 5, 5, 5, 5, 5, 5, 5, 5, 5, 5, 5, 5, 5, 5, 5, 5, 5, 5, 5, 5, 5, 5, 5, 5, 5, 5, 5, 5, 5, 5, 5, 5, 5, 5, 5, 5, 5, 5, 5, 5, 5, 5, 5, 5, 5, 5, 5, 5, 5, 5, 5, 5, 5, 5, 5, 5, 5, 5, 5, 5, 5, 5, 5, 5, 5, 5, 5, 5, 5, 5, 5, 5, 5, 5, 5, 5, 5, 5, 5, 5, 5, 5, 5, 5, 5, 5]"
5,-11.999999999999973,47,True,119,"[3, 5, 6, 5, 2, 2, 1, 4, 5, 4, 5, 2, 2, 2, 2, 5, 2, 5, 2, 5, 2, 5, 2, 5, 2, 5, 2, 5, 2, 5, 2, 5, 2, 5, 2, 5, 2, 5, 2, 5, 2, 5, 2, 5, 2, 5, 2, 5, 2, 5, 2, 5, 2, 5, 2, 5, 2, 5, 2, 5, 2, 5, 2, 5, 2, 5, 2, 5, 2, 5, 2, 5, 2, 5, 2, 5, 2, 5, 2, 5, 2, 5, 2, 5, 2, 5, 2, 5, 2, 5, 2, 5, 2, 5, 2, 5, 2, 5, 2, 5, 2, 5, 2, 5, 2, 5, 2, 5, 2, 5, 2, 5, 2, 5, 2, 5, 2, 5, 2, 5]"
2,-11.999999999999973,48,True,119,"[5, 5, 3, 3, 3, 3, 3, 3, 3, 8, 3, 8, 3, 8, 3, 8, 3, 8, 3, 8, 3, 8, 3, 8, 3, 8, 3, 8, 3, 8, 3, 8, 3, 8, 3, 8, 3, 8, 3, 8, 3, 8, 3, 8, 3, 8, 3, 8, 3, 8, 3, 8, 3, 8, 3, 8, 3, 8, 3, 8, 3, 8, 3, 8, 3, 8, 3, 8, 3, 8, 3, 8, 3, 8, 3, 8, 3, 8, 3, 8, 3, 8, 3, 8, 3, 8, 3, 8, 3, 8, 3, 8, 3, 8, 3, 8, 3, 8, 3, 8, 3, 8, 3, 8, 3, 8, 3, 8, 3, 8, 3, 8, 3, 8, 3, 8, 3, 8, 3, 8]"
120,-11.999999999999973,49,True,119,"[6, 2, 2, 2, 2, 2, 2, 2, 2, 2, 2, 2, 2, 2, 2, 2, 2, 2, 2, 2, 2, 2, 2, 2, 2, 2, 2, 2, 2, 2, 2, 2, 2, 2, 2, 2, 2, 2, 2, 2, 2, 2, 2, 2, 2, 2, 2, 2, 2, 2, 2, 2, 2, 2, 2, 2, 2, 2, 2, 2, 2, 2, 2, 2, 2, 2, 2, 2, 2, 2, 2, 2, 2, 2, 2, 2, 2, 2, 2, 2, 2, 2, 2, 2, 2, 2, 2, 2, 2, 2, 2, 2, 2, 2, 2, 0, 0, 0, 0, 0, 0, 0, 0, 0, 0, 0, 0, 0, 0, 0, 0, 0, 0, 0, 0, 0, 0, 0, 5, 5]"
58,-11.999999999999973,50,True,119,"[1, 4, 6, 6, 6, 6, 6, 6, 5, 5, 5, 5, 5, 5, 5, 3, 3, 3, 3, 3, 3, 3, 2, 2, 6, 7, 6, 3, 1, 4, 8, 6, 8, 2, 3, 6, 8, 2, 3, 6, 8, 2, 3, 6, 6, 8, 2, 1, 3, 6, 6, 8, 2, 3, 6, 6, 8, 2, 3, 6, 6, 8, 2, 3, 6, 6, 5, 8, 2, 3, 6, 6, 8, 2, 3, 6, 6, 8, 2, 3, 6, 6, 8, 2, 3, 6, 6, 8, 2, 3, 6, 6, 8, 2, 3, 6, 6, 8, 2, 3, 6, 8, 2, 3, 6, 6, 8, 2, 3, 6, 8, 7, 8, 7, 8, 7, 8, 7, 8, 7]"
63,-11.999999999999973,51,True,119,"[8, 8, 5, 2, 2, 2, 2, 2, 2, 2, 2, 2, 2, 2, 2, 2, 2, 2, 2, 2, 2, 2, 2, 2, 2, 2, 0, 0, 2, 2, 2, 2, 5, 5, 5, 2, 2, 2, 5, 5, 5, 4, 2, 2, 2, 2, 4, 5, 5, 5, 5, 0, 2, 2, 2, 2, 5, 5, 5, 2, 2, 2, 5, 5, 5, 2, 2, 2, 5, 5, 5, 2, 2, 2, 2, 5, 5, 5, 2, 2, 2, 5, 5, 5, 2, 2, 2, 5, 5, 5, 2, 2, 2, 5, 5, 5, 2, 2, 2, 5, 5, 5, 2, 2, 2, 5, 5, 5, 2, 2, 2, 5, 5, 5, 2, 2, 2, 5, 5, 5]"
13,-11.999999999999973,52,True,119,"[6, 6, 7, 7, 2, 3, 5, 5, 5, 5, 5, 2, 2, 2, 2, 4, 7, 4, 7, 4, 7, 4, 7, 4, 7, 4, 7, 4, 7, 4, 7, 4, 7, 4, 7, 4, 7, 4, 7, 4, 7, 4, 7, 4, 7, 4, 7, 4, 7, 4, 7, 4, 7, 4, 7, 4, 7, 4, 7, 4, 7, 4, 7, 4, 7, 4, 7, 4, 7, 4, 7, 4, 7, 4, 7, 4, 7, 4, 7, 4, 7, 4, 7, 4, 7, 4, 7, 4, 7, 4, 7, 4, 7, 4, 7, 4, 7, 4, 7, 4, 7, 4, 7, 4, 7, 4, 7, 4, 7, 4, 7, 4, 7, 4, 7, 4, 7, 4, 7, 4]"
13,-11.999999999999975,53,True,119,"[0, 4, 4, 4, 4, 4, 6, 2, 6, 8, 7, 7, 1, 4, 7, 2, 7, 2, 1, 5, 7, 7, 7, 8, 1, 8, 6, 8, 5, 6, 5, 6, 5, 6, 5, 6, 5, 6, 5, 6, 5, 6, 5, 6, 5, 6, 5, 6, 5, 6, 5, 6, 5, 6, 5, 6, 5, 6, 5, 6, 5, 6, 5, 6, 5, 6, 5, 6, 5, 6, 5, 6, 5, 6, 5, 6, 5, 6, 5, 6, 5, 6, 5, 6, 5, 6, 5, 6, 5, 6, 5, 6, 5, 6, 5, 6, 5, 6, 5, 6, 5, 6, 5, 6, 5, 6, 5, 6, 5, 6, 5, 6, 5, 6, 5, 6, 5, 6, 5, 6]"
47,-11.999999999999973,54,True,119,"[2, 5, 5, 5, 5, 5, 5, 5, 5, 5, 5, 5, 5, 5, 5, 5, 5, 5, 5, 5, 5, 5, 5, 5, 5, 5, 5, 5, 5, 5, 5, 5, 5, 5, 5, 5, 5, 5, 5, 5, 5, 5, 5, 0, 0, 0, 4, 0, 2, 1, 2, 1, 2, 1, 2, 1, 2, 1, 2, 1, 2, 1, 2, 1, 2, 1, 2, 1, 2, 1, 2, 1, 2, 1, 2, 1, 2, 1, 2, 1, 2, 1, 2, 1, 2, 1, 2, 1, 2, 1, 2, 1, 2, 1, 2, 1, 2, 1, 2, 1, 2, 1, 2, 1, 2, 1, 2, 1, 2, 1, 2, 1, 2, 1, 2, 1, 2, 1, 2, 1]"
35,-10.999999999999977,55,True,119,"[8, 6, 8, 8, 1, 1, 0, 1, 4, 6, 8, 3, 1, 3, 8, 8, 1, 4, 4, 4, 1, 1, 1, 1, 5, 1, 3, 7, 7, 7, 7, 7, 8, 4, 4, 1, 1, 3, 7, 7, 7, 2, 2, 8, 0, 5, 2, 5, 2, 5, 2, 5, 2, 5, 2, 5, 2, 5, 2, 5, 2, 5, 2, 5, 2, 5, 2, 5, 2, 5, 2, 5, 2, 5, 2, 5, 2, 5, 2, 5, 2, 5, 2, 5, 2, 5, 2, 5, 2, 5, 2, 5, 2, 5, 2, 5, 2, 5, 2, 5, 2, 5, 2, 5, 2, 5, 2, 5, 2, 5, 2, 5, 2, 5, 2, 5, 2, 5, 2, 5]"
67,-11.999999999999973,56,True,119,"[5, 7, 5, 7, 5, 7, 7, 7, 7, 7, 7, 7, 7, 7, 7, 7, 7, 7, 7, 7, 7, 7, 4, 4, 7, 7, 4, 4, 4, 7, 7, 4, 4, 7, 7, 4, 4, 7, 7, 4, 4, 7, 7, 4, 4, 7, 7, 4, 4, 7, 7, 4, 4, 7, 7, 4, 4, 7, 7, 4, 4, 7, 7, 4, 4, 7, 7, 4, 4, 7, 7, 4, 4, 7, 7, 4, 4, 7, 7, 4, 4, 7, 7, 4, 4, 7, 7, 4, 4, 7, 7, 4, 4, 7, 7, 4, 4, 7, 7, 4, 4, 7, 7, 4, 4, 7, 7, 4, 4, 4, 7, 7, 4, 4, 7, 7, 4, 4, 3, 3]"
30,-11.999999999999973,57,True,119,"[5, 5, 5, 7, 7, 7, 7, 3, 4, 4, 4, 4, 4, 4, 4, 4, 4, 4, 4, 4, 4, 4, 4, 4, 2, 2, 2, 2, 4, 4, 4, 6, 5, 4, 4, 4, 8, 4, 4, 4, 3, 4, 3, 4, 3, 4, 3, 4, 3, 4, 3, 4, 3, 4, 3, 4, 3, 4, 3, 4, 3, 4, 3, 4, 3, 4, 3, 4, 3, 4, 3, 4, 3, 4, 3, 4, 3, 4, 3, 4, 3, 4, 3, 4, 3, 4, 3, 4, 3, 4, 3, 4, 3, 4, 3, 4, 3, 4, 3, 4, 3, 4, 3, 4, 3, 4, 3, 4, 3, 4, 3, 4, 3, 4, 3, 4, 3, 4, 3, 4]"
68,-11.999999999999973,58,True,119,"[0, 5, 7, 1, 0, 5, 1, 1, 6, 7, 5, 5, 6, 6, 6, 6, 4, 7, 7, 7, 0, 2, 5, 1, 0, 0, 5, 5, 5, 3, 0, 4, 8, 6, 7, 7, 7, 4, 5, 2, 6, 3, 0, 7, 4, 5, 3, 0, 8, 5, 3, 7, 8, 5, 3, 7, 8, 5, 3, 7, 8, 5, 3, 7, 8, 5, 3, 7, 8, 5, 3, 7, 8, 5, 3, 7, 8, 5, 3, 7, 8, 5, 3, 7, 8, 5, 3, 7, 8, 5, 3, 7, 8, 5, 3, 7, 8, 5, 3, 7, 8, 5, 3, 7, 8, 5, 3, 7, 8, 5, 3, 7, 8, 5, 3, 7, 8, 5, 3, 7]"
5,-11.999999999999973,59,True,119,"[7, 5, 5, 5, 5, 3, 4, 1, 4, 4, 7, 4, 7, 4, 7, 4, 7, 4, 7, 4, 7, 4, 7, 4, 7, 4, 7, 4, 7, 4, 7, 4, 7, 4, 7, 4, 7, 4, 7, 4, 7, 4, 7, 4, 7, 4, 7, 4, 7, 4, 7, 4, 7, 4, 7, 4, 7, 4, 7, 4, 7, 4, 7, 4, 7, 4, 7, 4, 7, 4, 7, 4, 7, 4, 7, 4, 7, 4, 7, 4, 7, 4, 7, 4, 7, 4, 7, 4, 7, 4, 7, 4, 7, 4, 7, 4, 7, 4, 7, 4, 7, 4, 7, 4, 7, 4, 7, 4, 7, 4, 7, 4, 7, 4, 7, 4, 7, 4, 7, 4]"
100,-11.999999999999973,60,True,119,"[1, 1, 1, 8, 8, 8, 8, 8, 8, 8, 8, 3, 3, 3, 3, 3, 3, 4, 3, 8, 8, 8, 8, 8, 8, 8, 8, 8, 8, 8, 8, 8, 8, 8, 8, 8, 8, 8, 8, 8, 8, 8, 8, 8, 8, 8, 8, 8, 7, 7, 7, 7, 7, 2, 8, 8, 2, 8, 2, 2, 2, 8, 8, 2, 2, 2, 2, 2, 2, 2, 2, 0, 0, 0, 0, 0, 4, 4, 0, 0, 7, 7, 7, 7, 0, 0, 0, 0, 0, 0, 0, 0, 3, 0, 0, 0, 0, 0, 0, 0, 0, 0, 0, 0, 0, 5, 5, 5, 5, 5, 5, 5, 0, 0, 2, 2, 2, 2, 2, 5]"
59,-11.999999999999973,61,True,119,"[4, 4, 4, 2, 5, 0, 0, 3, 5, 3, 3, 3, 0, 0, 0, 2, 2, 0, 7, 3, 5, 5, 5, 7, 2, 2, 5, 5, 2, 2, 5, 5, 2, 2, 2, 5, 5, 4, 4, 4, 8, 1, 1, 7, 7, 7, 1, 8, 8, 8, 7, 7, 7, 8, 8, 8, 3, 3, 3, 8, 8, 8, 3, 3, 3, 3, 8, 8, 8, 3, 3, 3, 3, 8, 8, 8, 3, 3, 3, 8, 8, 8, 3, 3, 3, 3, 8, 8, 8, 3, 3, 3, 3, 8, 8, 8, 3, 3, 3, 8, 8, 8, 3, 3, 3, 3, 8, 8, 8, 3, 3, 3, 8, 8, 8, 3, 3, 3, 3, 8]"
23,-11.999999999999973,62,True,119,"[0, 5, 5, 5, 4, 4, 4, 4, 4, 4, 4, 4, 4, 4, 4, 4, 4, 4, 4, 4, 4, 4, 4, 4, 7, 6, 4, 7, 4, 7, 4, 7, 4, 7, 4, 7, 4, 7, 4, 7, 4, 7, 4, 7, 4, 7, 4, 7, 4, 7, 4, 7, 4, 7, 4, 7, 4, 7, 4, 7, 4, 7, 4, 7, 4, 7, 4, 7, 4, 7, 4, 7, 4, 7, 4, 7, 4, 7, 4, 7, 4, 7, 4, 7, 4, 7, 4, 7, 4, 7, 4, 7, 4, 7, 4, 7, 4, 7, 4, 7, 4, 7, 4, 7, 4, 7, 4, 7, 4, 7, 4, 7, 4, 7, 4, 7, 4, 7, 4, 7]"
15,-11.999999999999973,63,True,119,"[6, 6, 6, 0, 0, 0, 0, 0, 0, 0, 0, 0, 0, 0, 8, 6, 6, 8, 0, 4, 4, 1, 4, 4, 3, 4, 3, 4, 3, 4, 3, 4, 3, 4, 3, 4, 3, 4, 3, 4, 3, 4, 3, 4, 3, 4, 3, 4, 3, 4, 3, 4, 3, 4, 3, 4, 3, 4, 3, 4, 3, 4, 3, 4, 3, 4, 3, 4, 3, 4, 3, 4, 3, 4, 3, 4, 3, 4, 3, 4, 3, 4, 3, 4, 3, 4, 3, 4, 3, 4, 3, 4, 3, 4, 3, 4, 3, 4, 3, 4, 3, 4, 3, 4, 3, 4, 3, 4, 3, 4, 3, 4, 3, 4, 3, 4, 3, 4, 3, 4]"
15,-11.999999999999973,64,True,119,"[1, 7, 8, 2, 0, 4, 4, 7, 0, 5, 5, 1, 1, 2, 0, 0, 0, 0, 0, 7, 5, 2, 5, 2, 5, 2, 5, 2, 5, 2, 5, 2, 5, 2, 5, 2, 5, 2, 5, 2, 5, 2, 5, 2, 5, 2, 5, 2, 5, 2, 5, 2, 5, 2, 5, 2, 5, 2, 5, 2, 5, 2, 5, 2, 5, 2, 5, 2, 5, 2, 5, 2, 5, 2, 5, 2, 5, 2, 5, 2, 5, 2, 5, 2, 5, 2, 5, 2, 5, 2, 5, 2, 5, 2, 5, 2, 5, 2, 5, 2, 5, 2, 5, 2, 5, 2, 5, 2, 5, 2, 5, 2, 5, 2, 5, 2, 5, 2, 5, 2]"
108,-11.999999999999973,65,True,119,"[5, 3, 2, 3, 2, 2, 2, 2, 2, 2, 2, 2, 2, 2, 2, 2, 2, 2, 2, 2, 2, 2, 2, 2, 2, 2, 2, 2, 2, 2, 2, 2, 2, 2, 2, 2, 2, 2, 2, 2, 2, 2, 2, 2, 2, 2, 2, 2, 2, 2, 2, 2, 2, 2, 2, 2, 2, 2, 2, 2, 2, 2, 2, 2, 2, 2, 2, 2, 2, 2, 2, 2, 2, 2, 6, 6, 6, 6, 6, 6, 6, 6, 7, 7, 7, 7, 7, 7, 7, 7, 7, 7, 7, 7, 7, 7, 7, 7, 7, 7, 1, 1, 1, 7, 8, 8, 2, 2, 2, 8, 1, 1, 1, 2, 2, 2, 1, 1, 1, 1]"
11,-10.999999999999977,66,True,119,"[3, 6, 7, 5, 1, 5, 7, 7, 7, 7, 7, 7, 7, 7, 7, 4, 7, 4, 7, 4, 7, 4, 7, 4, 7, 4, 7, 4, 7, 4, 7, 4, 7, 4, 7, 4, 7, 4, 7, 4, 7, 4, 7, 4, 7, 4, 7, 4, 7, 4, 7, 4, 7, 4, 7, 4, 7, 4, 7, 4, 7, 4, 7, 4, 7, 4, 7, 4, 7, 4, 7, 4, 7, 4, 7, 4, 7, 4, 7, 4, 7, 4, 7, 4, 7, 4, 7, 4, 7, 4, 7, 4, 7, 4, 7, 4, 7, 4, 7, 4, 7, 4, 7, 4, 7, 4, 7, 4, 7, 4, 7, 4, 7, 4, 7, 4, 7, 4, 7, 4]"
13,-10.999999999999979,67,True,119,"[5, 7, 5, 4, 4, 4, 4, 4, 4, 4, 4, 2, 4, 3, 6, 3, 3, 0, 8, 3, 8, 3, 8, 3, 8, 3, 8, 3, 8, 3, 8, 3, 8, 3, 8, 3, 8, 3, 8, 3, 8, 3, 8, 3, 8, 3, 8, 3, 8, 3, 8, 3, 8, 3, 8, 3, 8, 3, 8, 3, 8, 3, 8, 3, 8, 3, 8, 3, 8, 3, 8, 3, 8, 3, 8, 3, 8, 3, 8, 3, 8, 3, 8, 3, 8, 3, 8, 3, 8, 3, 8, 3, 8, 3, 8, 3, 8, 3, 8, 3, 8, 3, 8, 3, 8, 3, 8, 3, 8, 3, 8, 3, 8, 3, 8, 3, 8, 3, 8, 3]"
34,-11.999999999999973,68,True,119,"[8, 2, 8, 8, 8, 8, 8, 8, 8, 8, 8, 8, 8, 8, 8, 8, 1, 1, 1, 1, 8, 8, 8, 8, 8, 8, 8, 8, 8, 8, 8, 8, 8, 8, 6, 3, 8, 3, 8, 3, 8, 3, 8, 3, 8, 3, 8, 3, 8, 3, 8, 3, 8, 3, 8, 3, 8, 3, 8, 3, 8, 3, 8, 3, 8, 3, 8, 3, 8, 3, 8, 3, 8, 3, 8, 3, 8, 3, 8, 3, 8, 3, 8, 3, 8, 3, 8, 3, 8, 3, 8, 3, 8, 3, 8, 3, 8, 3, 8, 3, 8, 3, 8, 3, 8, 3, 8, 3, 8, 3, 8, 3, 8, 3, 8, 3, 8, 3, 8, 3]"
43,-10.999999999999977,69,True,119,"[1, 1, 1, 1, 1, 1, 8, 8, 8, 8, 8, 3, 3, 3, 3, 3, 8, 8, 8, 8, 8, 3, 3, 3, 3, 3, 8, 8, 8, 8, 8, 3, 3, 3, 3, 3, 8, 8, 8, 8, 8, 3, 3, 3, 3, 3, 6, 6, 6, 6, 7, 3, 6, 6, 3, 8, 8, 8, 8, 8, 8, 3, 3, 3, 3, 0, 0, 1, 1, 1, 1, 1, 1, 0, 8, 8, 8, 8, 8, 0, 1, 1, 1, 0, 3, 3, 8, 8, 8, 8, 6, 6, 0, 3, 3, 3, 3, 3, 3, 8, 8, 8, 8, 8, 8, 1, 1, 3, 3, 3, 3, 1, 0, 8, 8, 8, 8, 6, 6, 3]"
0,0.0,70,False,0,[]
0,-11.999999999999973,71,True,119,"[7, 8, 7, 8, 7, 8, 7, 8, 7, 8, 7, 8, 7, 8, 7, 8, 7, 8, 7, 8, 7, 8, 7, 8, 7, 8, 7, 8, 7, 8, 7, 8, 7, 8, 7, 8, 7, 8, 7, 8, 7, 8, 7, 8, 7, 8, 7, 8, 7, 8, 7, 8, 7, 8, 7, 8, 7, 8, 7, 8, 7, 8, 7, 8, 7, 8, 7, 8, 7, 8, 7, 8, 7, 8, 7, 8, 7, 8, 7, 8, 7, 8, 7, 8, 7, 8, 7, 8, 7, 8, 7, 8, 7, 8, 7, 8, 7, 8, 7, 8, 7, 8, 7, 8, 7, 8, 7, 8, 7, 8, 7, 8, 7, 8, 7, 8, 7, 8, 7, 8]"
66,-11.999999999999973,72,True,119,"[7, 7, 7, 6, 6, 6, 6, 6, 6, 6, 6, 6, 6, 6, 6, 6, 3, 3, 3, 2, 8, 8, 8, 8, 8, 2, 2, 8, 3, 6, 0, 1, 1, 1, 0, 3, 3, 3, 3, 3, 0, 1, 1, 1, 1, 0, 4, 4, 4, 0, 3, 3, 3, 6, 6, 6, 8, 8, 8, 8, 8, 4, 6, 6, 4, 1, 1, 1, 6, 6, 1, 1, 6, 6, 1, 1, 1, 6, 6, 1, 1, 1, 6, 6, 1, 1, 6, 6, 1, 1, 1, 6, 6, 1, 1, 6, 6, 1, 1, 7, 7, 7, 7, 7, 1, 1, 1, 7, 7, 6, 6, 6, 1, 1, 1, 6, 6, 6, 1, 1]"
14,-11.999999999999973,73,True,119,"[8, 1, 1, 6, 2, 2, 7, 7, 7, 3, 4, 4, 3, 3, 3, 0, 3, 3, 3, 3, 7, 6, 1, 6, 1, 6, 1, 6, 1, 6, 1, 6, 1, 6, 1, 6, 1, 6, 1, 6, 1, 6, 1, 6, 1, 6, 1, 6, 1, 6, 1, 6, 1, 6, 1, 6, 1, 6, 1, 6, 1, 6, 1, 6, 1, 6, 1, 6, 1, 6, 1, 6, 1, 6, 1, 6, 1, 6, 1, 6, 1, 6, 1, 6, 1, 6, 1, 6, 1, 6, 1, 6, 1, 6, 1, 6, 1, 6, 1, 6, 1, 6, 1, 6, 1, 6, 1, 6, 1, 6, 1, 6, 1, 6, 1, 6, 1, 6, 1, 6]"
17,-11.999999999999973,74,True,119,"[1, 1, 2, 2, 2, 1, 1, 1, 1, 2, 2, 2, 2, 2, 2, 2, 2, 2, 2, 2, 7, 7, 7, 7, 4, 4, 7, 5, 7, 7, 7, 7, 4, 4, 4, 4, 4, 4, 5, 5, 7, 7, 5, 5, 7, 4, 2, 5, 2, 5, 2, 5, 2, 5, 2, 5, 2, 5, 2, 5, 2, 5, 2, 5, 2, 5, 2, 5, 2, 5, 2, 5, 2, 5, 2, 5, 2, 5, 2, 5, 2, 5, 2, 5, 2, 5, 2, 5, 2, 5, 2, 5, 2, 5, 2, 5, 2, 5, 2, 5, 2, 5, 2, 5, 2, 5, 2, 5, 2, 5, 2, 5, 2, 5, 2, 5, 2, 5, 2, 5]"
47,-11.999999999999973,75,True,119,"[0, 4, 4, 4, 6, 5, 3, 2, 7, 7, 7, 8, 1, 1, 1, 1, 1, 1, 1, 1, 1, 1, 8, 8, 8, 1, 1, 8, 8, 8, 1, 7, 7, 7, 7, 1, 8, 8, 8, 8, 7, 7, 7, 7, 2, 2, 2, 2, 2, 8, 7, 7, 3, 8, 8, 1, 1, 1, 1, 1, 5, 3, 8, 8, 8, 8, 6, 6, 6, 6, 6, 6, 2, 2, 4, 6, 4, 6, 8, 3, 3, 2, 8, 8, 5, 5, 2, 2, 6, 3, 3, 5, 5, 5, 5, 5, 5, 5, 3, 5, 4, 3, 4, 3, 4, 3, 4, 3, 4, 3, 4, 3, 4, 3, 4, 3, 4, 3, 4, 3]"
1,-11.999999999999973,76,True,119,"[4, 6, 6, 4, 1, 6, 1, 6, 1, 6, 1, 6, 1, 6, 1, 6, 1, 6, 1, 6, 1, 6, 1, 6, 1, 6, 1, 6, 1, 6, 1, 6, 1, 6, 1, 6, 1, 6, 1, 6, 1, 6, 1, 6, 1, 6, 1, 6, 1, 6, 1, 6, 1, 6, 1, 6, 1, 6, 1, 6, 1, 6, 1, 6, 1, 6, 1, 6, 1, 6, 1, 6, 1, 6, 1, 6, 1, 6, 1, 6, 1, 6, 1, 6, 1, 6, 1, 6, 1, 6, 1, 6, 1, 6, 1, 6, 1, 6, 1, 6, 1, 6, 1, 6, 1, 6, 1, 6, 1, 6, 1, 6, 1, 6, 1, 6, 1, 6, 1, 6]"
18,-11.999999999999973,77,True,119,"[3, 3, 1, 1, 0, 6, 6, 0, 6, 6, 6, 7, 7, 7, 6, 0, 0, 0, 0, 7, 7, 8, 8, 8, 8, 1, 8, 7, 0, 0, 6, 1, 6, 1, 6, 1, 6, 1, 6, 1, 6, 1, 6, 1, 6, 1, 6, 1, 6, 1, 6, 1, 6, 1, 6, 1, 6, 1, 6, 1, 6, 1, 6, 1, 6, 1, 6, 1, 6, 1, 6, 1, 6, 1, 6, 1, 6, 1, 6, 1, 6, 1, 6, 1, 6, 1, 6, 1, 6, 1, 6, 1, 6, 1, 6, 1, 6, 1, 6, 1, 6, 1, 6, 1, 6, 1, 6, 1, 6, 1, 6, 1, 6, 1, 6, 1, 6, 1, 6, 1]"
32,-11.999999999999973,78,True,119,"[6, 4, 4, 4, 0, 6, 7, 7, 7, 7, 7, 8, 8, 8, 8, 8, 7, 7, 7, 7, 7, 7, 8, 8, 8, 8, 8, 3, 3, 3, 3, 3, 5, 5, 5, 3, 8, 6, 6, 0, 8, 8, 8, 8, 8, 2, 7, 7, 7, 7, 7, 2, 5, 5, 5, 2, 2, 4, 4, 4, 4, 4, 1, 1, 1, 1, 5, 4, 4, 4, 4, 5, 1, 2, 2, 6, 2, 6, 2, 2, 2, 7, 8, 1, 1, 1, 6, 1, 6, 1, 6, 1, 6, 1, 6, 1, 6, 1, 6, 1, 6, 1, 6, 1, 6, 1, 6, 1, 6, 1, 6, 1, 6, 1, 6, 1, 6, 1, 6, 1]"
39,-11.999999999999973,79,True,119,"[0, 8, 8, 8, 8, 8, 8, 8, 1, 5, 2, 2, 4, 4, 3, 3, 3, 3, 3, 7, 7, 4, 4, 4, 4, 4, 6, 7, 7, 7, 7, 7, 7, 6, 4, 4, 4, 4, 4, 7, 7, 7, 7, 7, 7, 4, 4, 4, 4, 4, 7, 7, 7, 7, 7, 4, 4, 4, 4, 4, 7, 7, 7, 7, 7, 7, 4, 4, 4, 4, 4, 7, 7, 7, 7, 7, 4, 4, 4, 4, 4, 3, 3, 3, 3, 3, 7, 4, 4, 4, 4, 4, 3, 3, 3, 3, 3, 4, 4, 4, 4, 4, 3, 3, 3, 3, 3, 3, 4, 4, 4, 4, 4, 3, 3, 3, 3, 3, 3, 4]"
5,-11.999999999999973,80,True,119,"[8, 1, 1, 4, 4, 4, 4, 0, 6, 6, 6, 6, 6, 5, 5, 5, 5, 5, 6, 5, 6, 5, 6, 5, 6, 5, 6, 5, 6, 5, 6, 5, 6, 5, 6, 5, 6, 5, 6, 5, 6, 5, 6, 5, 6, 5, 6, 5, 6, 5, 6, 5, 6, 5, 6, 5, 6, 5, 6, 5, 6, 5, 6, 5, 6, 5, 6, 5, 6, 5, 6, 5, 6, 5, 6, 5, 6, 5, 6, 5, 6, 5, 6, 5, 6, 5, 6, 5, 6, 5, 6, 5, 6, 5, 6, 5, 6, 5, 6, 5, 6, 5, 6, 5, 6, 5, 6, 5, 6, 5, 6, 5, 6, 5, 6, 5, 6, 5, 6, 5]"
13,-10.999999999999977,81,True,119,"[0, 1, 1, 1, 1, 1, 1, 1, 1, 1, 1, 1, 1, 1, 8, 1, 1, 1, 1, 4, 4, 6, 6, 4, 1, 6, 1, 6, 1, 6, 1, 6, 1, 6, 1, 6, 1, 6, 1, 6, 1, 6, 1, 6, 1, 6, 1, 6, 1, 6, 1, 6, 1, 6, 1, 6, 1, 6, 1, 6, 1, 6, 1, 6, 1, 6, 1, 6, 1, 6, 1, 6, 1, 6, 1, 6, 1, 6, 1, 6, 1, 6, 1, 6, 1, 6, 1, 6, 1, 6, 1, 6, 1, 6, 1, 6, 1, 6, 1, 6, 1, 6, 1, 6, 1, 6, 1, 6, 1, 6, 1, 6, 1, 6, 1, 6, 1, 6, 1, 6]"
53,-11.999999999999973,82,True,119,"[5, 5, 5, 3, 3, 5, 5, 3, 3, 3, 3, 3, 3, 3, 3, 3, 2, 2, 2, 3, 7, 5, 5, 5, 7, 3, 2, 2, 2, 3, 5, 5, 5, 2, 2, 2, 5, 5, 5, 2, 2, 2, 5, 5, 5, 2, 2, 2, 5, 5, 5, 2, 2, 2, 5, 5, 5, 2, 2, 2, 5, 5, 5, 5, 2, 2, 2, 0, 5, 5, 5, 0, 2, 2, 2, 4, 4, 2, 2, 2, 2, 2, 4, 4, 4, 4, 5, 5, 5, 0, 0, 0, 0, 0, 2, 3, 8, 3, 8, 3, 8, 3, 8, 3, 8, 3, 8, 3, 8, 3, 8, 3, 8, 3, 8, 3, 8, 3, 8, 3]"
20,-11.999999999999973,83,True,119,"[5, 4, 4, 8, 2, 2, 2, 2, 2, 2, 7, 3, 3, 0, 7, 6, 7, 1, 4, 1, 4, 1, 2, 2, 2, 3, 1, 1, 1, 2, 1, 2, 1, 2, 1, 2, 1, 2, 1, 2, 1, 2, 1, 2, 1, 2, 1, 2, 1, 2, 1, 2, 1, 2, 1, 2, 1, 2, 1, 2, 1, 2, 1, 2, 1, 2, 1, 2, 1, 2, 1, 2, 1, 2, 1, 2, 1, 2, 1, 2, 1, 2, 1, 2, 1, 2, 1, 2, 1, 2, 1, 2, 1, 2, 1, 2, 1, 2, 1, 2, 1, 2, 1, 2, 1, 2, 1, 2, 1, 2, 1, 2, 1, 2, 1, 2, 1, 2, 1, 2]"
58,-11.999999999999973,84,True,119,"[1, 1, 1, 1, 1, 1, 1, 1, 1, 7, 0, 0, 1, 1, 1, 1, 1, 1, 1, 1, 1, 6, 6, 1, 1, 6, 6, 1, 1, 2, 2, 1, 1, 2, 2, 1, 1, 6, 6, 1, 1, 6, 6, 1, 1, 6, 6, 1, 1, 3, 6, 6, 6, 3, 1, 1, 6, 6, 1, 1, 6, 6, 5, 5, 6, 6, 8, 5, 5, 8, 6, 6, 6, 5, 5, 6, 6, 6, 4, 6, 4, 6, 4, 4, 1, 1, 5, 4, 4, 4, 4, 4, 2, 5, 2, 5, 2, 5, 2, 5, 2, 5, 2, 5, 2, 5, 2, 5, 2, 5, 2, 5, 2, 5, 2, 5, 2, 5, 2, 5]"
67,-11.999999999999973,85,True,119,"[1, 5, 2, 8, 2, 2, 5, 5, 6, 6, 5, 5, 6, 6, 5, 5, 4, 0, 7, 6, 6, 6, 7, 0, 4, 5, 5, 3, 8, 6, 8, 2, 7, 0, 3, 3, 5, 7, 7, 7, 7, 7, 7, 7, 7, 7, 7, 7, 7, 7, 7, 7, 7, 7, 7, 7, 7, 7, 7, 7, 3, 2, 2, 2, 4, 4, 2, 2, 2, 1, 1, 1, 1, 2, 2, 2, 2, 1, 1, 1, 1, 1, 2, 2, 2, 2, 1, 1, 1, 1, 5, 2, 2, 2, 2, 5, 5, 5, 5, 8, 2, 2, 2, 2, 3, 3, 3, 3, 2, 8, 8, 3, 8, 3, 8, 3, 8, 3, 8, 3]"
4,-11.999999999999973,86,True,119,"[1, 3, 3, 3, 3, 5, 2, 3, 2, 5, 2, 5, 2, 5, 2, 5, 2, 5, 2, 5, 2, 5, 2, 5, 2, 5, 2, 5, 2, 5, 2, 5, 2, 5, 2, 5, 2, 5, 2, 5, 2, 5, 2, 5, 2, 5, 2, 5, 2, 5, 2, 5, 2, 5, 2, 5, 2, 5, 2, 5, 2, 5, 2, 5, 2, 5, 2, 5, 2, 5, 2, 5, 2, 5, 2, 5, 2, 5, 2, 5, 2, 5, 2, 5, 2, 5, 2, 5, 2, 5, 2, 5, 2, 5, 2, 5, 2, 5, 2, 5, 2, 5, 2, 5, 2, 5, 2, 5, 2, 5, 2, 5, 2, 5, 2, 5, 2, 5, 2, 5]"
31,-10.999999999999979,87,True,119,"[3, 3, 3, 3, 3, 3, 3, 5, 5, 5, 8, 5, 5, 5, 5, 6, 6, 6, 2, 5, 5, 5, 5, 2, 2, 2, 5, 5, 5, 5, 2, 2, 2, 4, 4, 4, 4, 4, 4, 4, 5, 2, 6, 6, 8, 8, 8, 5, 0, 1, 1, 1, 1, 1, 0, 5, 3, 8, 6, 6, 6, 1, 6, 1, 6, 1, 6, 1, 6, 1, 6, 1, 6, 1, 6, 1, 6, 1, 6, 1, 6, 1, 6, 1, 6, 1, 6, 1, 6, 1, 6, 1, 6, 1, 6, 1, 6, 1, 6, 1, 6, 1, 6, 1, 6, 1, 6, 1, 6, 1, 6, 1, 6, 1, 6, 1, 6, 1, 6, 1]"
47,-10.999999999999979,88,True,119,"[2, 2, 2, 6, 6, 6, 6, 6, 8, 4, 0, 0, 0, 0, 5, 5, 5, 0, 0, 4, 7, 6, 6, 6, 3, 3, 3, 3, 3, 1, 3, 3, 1, 1, 1, 1, 1, 1, 1, 7, 3, 8, 8, 7, 7, 6, 6, 6, 6, 5, 5, 5, 5, 8, 8, 6, 6, 6, 6, 6, 6, 6, 0, 5, 5, 5, 5, 5, 5, 5, 4, 7, 7, 0, 6, 6, 6, 6, 4, 4, 4, 6, 0, 8, 7, 7, 7, 1, 1, 1, 1, 8, 8, 7, 7, 8, 8, 6, 6, 6, 6, 6, 6, 6, 8, 8, 8, 8, 7, 7, 7, 7, 8, 8, 8, 8, 3, 3, 3, 3]"
35,-11.999999999999973,89,True,119,"[5, 4, 4, 4, 4, 3, 3, 3, 3, 6, 6, 8, 8, 8, 8, 8, 3, 3, 3, 3, 3, 3, 3, 3, 8, 8, 8, 8, 8, 8, 8, 3, 3, 3, 3, 3, 3, 3, 7, 8, 8, 8, 8, 8, 8, 8, 7, 7, 7, 7, 7, 7, 7, 8, 8, 8, 8, 8, 8, 8, 4, 7, 7, 7, 7, 7, 7, 7, 4, 4, 4, 4, 4, 4, 4, 7, 7, 7, 7, 7, 7, 7, 2, 2, 2, 2, 2, 4, 4, 7, 7, 3, 4, 4, 8, 1, 1, 3, 3, 1, 1, 1, 1, 1, 1, 1, 8, 7, 2, 2, 2, 2, 2, 2, 2, 2, 3, 4, 4, 7]"
40,-11.999999999999973,90,True,119,"[7, 7, 7, 4, 4, 4, 4, 4, 3, 3, 3, 3, 3, 0, 8, 8, 8, 8, 8, 2, 1, 0, 3, 3, 3, 3, 3, 5, 5, 3, 7, 1, 0, 2, 2, 8, 8, 8, 8, 8, 8, 5, 6, 7, 7, 7, 7, 7, 7, 7, 6, 6, 8, 8, 8, 8, 8, 7, 7, 7, 7, 7, 8, 8, 8, 8, 8, 7, 7, 7, 7, 7, 8, 8, 8, 8, 8, 7, 7, 7, 7, 7, 7, 8, 8, 8, 8, 8, 7, 7, 7, 7, 7, 7, 8, 8, 8, 8, 8, 3, 3, 3, 3, 3, 8, 8, 8, 8, 8, 3, 3, 3, 3, 3, 3, 8, 8, 8, 8, 8]"
5,-11.999999999999973,91,True,119,"[3, 3, 3, 7, 7, 7, 8, 8, 8, 8, 8, 7, 8, 7, 8, 7, 8, 7, 8, 7, 8, 7, 8, 7, 8, 7, 8, 7, 8, 7, 8, 7, 8, 7, 8, 7, 8, 7, 8, 7, 8, 7, 8, 7, 8, 7, 8, 7, 8, 7, 8, 7, 8, 7, 8, 7, 8, 7, 8, 7, 8, 7, 8, 7, 8, 7, 8, 7, 8, 7, 8, 7, 8, 7, 8, 7, 8, 7, 8, 7, 8, 7, 8, 7, 8, 7, 8, 7, 8, 7, 8, 7, 8, 7, 8, 7, 8, 7, 8, 7, 8, 7, 8, 7, 8, 7, 8, 7, 8, 7, 8, 7, 8, 7, 8, 7, 8, 7, 8, 7]"
6,-11.999999999999973,92,True,119,"[1, 1, 2, 2, 2, 2, 2, 2, 4, 3, 2, 4, 3, 4, 3, 4, 3, 4, 3, 4, 3, 4, 3, 4, 3, 4, 3, 4, 3, 4, 3, 4, 3, 4, 3, 4, 3, 4, 3, 4, 3, 4, 3, 4, 3, 4, 3, 4, 3, 4, 3, 4, 3, 4, 3, 4, 3, 4, 3, 4, 3, 4, 3, 4, 3, 4, 3, 4, 3, 4, 3, 4, 3, 4, 3, 4, 3, 4, 3, 4, 3, 4, 3, 4, 3, 4, 3, 4, 3, 4, 3, 4, 3, 4, 3, 4, 3, 4, 3, 4, 3, 4, 3, 4, 3, 4, 3, 4, 3, 4, 3, 4, 3, 4, 3, 4, 3, 4, 3, 4]"
44,-11.999999999999973,93,True,119,"[3, 3, 3, 3, 7, 7, 7, 8, 8, 8, 8, 8, 5, 5, 5, 7, 8, 3, 3, 3, 3, 3, 3, 3, 7, 7, 1, 6, 6, 6, 6, 6, 1, 1, 1, 1, 1, 6, 6, 6, 6, 6, 6, 7, 1, 1, 1, 1, 1, 4, 6, 6, 6, 6, 6, 6, 6, 4, 1, 1, 1, 1, 1, 6, 6, 6, 6, 6, 1, 1, 1, 1, 1, 6, 6, 6, 6, 6, 6, 1, 1, 1, 1, 1, 6, 6, 6, 6, 6, 6, 1, 1, 1, 1, 1, 6, 6, 6, 6, 6, 6, 1, 1, 1, 1, 1, 6, 6, 6, 6, 6, 6, 1, 1, 1, 1, 1, 6, 6, 6]"
53,-10.999999999999979,94,True,119,"[6, 6, 6, 1, 1, 3, 6, 6, 5, 5, 6, 6, 0, 5, 5, 0, 8, 8, 8, 8, 8, 8, 6, 6, 0, 8, 8, 8, 5, 5, 3, 3, 3, 3, 3, 3, 3, 0, 8, 8, 8, 8, 8, 8, 8, 6, 6, 6, 5, 5, 5, 0, 1, 6, 6, 6, 3, 3, 1, 1, 1, 3, 3, 3, 3, 3, 6, 0, 5, 4, 4, 4, 4, 4, 4, 4, 8, 5, 0, 1, 6, 6, 6, 3, 3, 3, 3, 6, 6, 6, 6, 6, 7, 7, 1, 1, 1, 2, 2, 2, 3, 6, 1, 1, 1, 0, 6, 6, 6, 5, 5, 5, 8, 8, 8, 5, 6, 4, 0, 1]"
3,-11.999999999999973,95,True,119,"[3, 6, 3, 3, 2, 2, 1, 2, 1, 2, 1, 2, 1, 2, 1, 2, 1, 2, 1, 2, 1, 2, 1, 2, 1, 2, 1, 2, 1, 2, 1, 2, 1, 2, 1, 2, 1, 2, 1, 2, 1, 2, 1, 2, 1, 2, 1, 2, 1, 2, 1, 2, 1, 2, 1, 2, 1, 2, 1, 2, 1, 2, 1, 2, 1, 2, 1, 2, 1, 2, 1, 2, 1, 2, 1, 2, 1, 2, 1, 2, 1, 2, 1, 2, 1, 2, 1, 2, 1, 2, 1, 2, 1, 2, 1, 2, 1, 2, 1, 2, 1, 2, 1, 2, 1, 2, 1, 2, 1, 2, 1, 2, 1, 2, 1, 2, 1, 2, 1, 2]"
69,-11.999999999999973,96,True,119,"[0, 1, 1, 1, 1, 1, 2, 2, 2, 1, 1, 1, 2, 2, 2, 7, 1, 1, 1, 5, 8, 7, 2, 2, 2, 2, 2, 8, 5, 5, 5, 3, 2, 2, 2, 3, 6, 5, 5, 5, 6, 6, 6, 5, 5, 5, 6, 6, 6, 5, 5, 5, 6, 6, 6, 5, 5, 5, 4, 6, 6, 6, 6, 4, 6, 1, 1, 5, 4, 4, 2, 2, 2, 2, 2, 3, 3, 3, 2, 0, 5, 5, 5, 0, 7, 4, 2, 2, 2, 1, 1, 1, 8, 2, 2, 2, 2, 8, 8, 3, 3, 8, 8, 3, 3, 7, 8, 8, 7, 7, 7, 8, 8, 7, 7, 7, 8, 8, 7, 7]"
40,-11.999999999999973,97,True,119,"[4, 3, 3, 3, 3, 8, 8, 8, 8, 3, 3, 3, 3, 7, 8, 8, 8, 8, 7, 7, 7, 7, 6, 1, 1, 1, 1, 8, 8, 8, 8, 1, 1, 6, 6, 6, 6, 6, 6, 8, 5, 5, 5, 5, 5, 5, 4, 7, 7, 7, 8, 8, 8, 3, 3, 3, 6, 6, 6, 6, 6, 8, 8, 8, 7, 7, 7, 7, 3, 6, 0, 4, 4, 4, 4, 5, 5, 5, 5, 5, 0, 6, 6, 6, 6, 6, 6, 0, 3, 3, 2, 5, 5, 5, 5, 5, 5, 7, 7, 0, 1, 4, 4, 4, 6, 6, 6, 6, 6, 6, 2, 4, 5, 5, 5, 5, 5, 5, 7, 7]"
32,-11.999999999999973,98,True,119,"[5, 7, 7, 4, 2, 2, 2, 2, 4, 7, 7, 7, 7, 7, 4, 4, 4, 4, 4, 0, 7, 7, 7, 7, 7, 6, 1, 1, 1, 8, 0, 6, 6, 6, 4, 4, 4, 4, 4, 3, 3, 3, 3, 3, 3, 6, 8, 8, 8, 8, 8, 8, 7, 7, 7, 7, 7, 7, 4, 4, 4, 4, 4, 4, 0, 2, 1, 1, 1, 7, 6, 6, 6, 3, 3, 3, 3, 3, 3, 1, 1, 3, 1, 1, 1, 7, 3, 2, 2, 5, 2, 5, 2, 5, 2, 5, 2, 5, 2, 5, 2, 5, 2, 5, 2, 5, 2, 5, 2, 5, 2, 5, 2, 5, 2, 5, 2, 5, 2, 5]"
48,-11.999999999999973,99,True,119,"[2, 2, 2, 5, 5, 5, 0, 6, 6, 6, 3, 3, 0, 4, 4, 4, 6, 7, 7, 7, 2, 8, 8, 8, 5, 1, 1, 1, 1, 1, 2, 2, 2, 2, 2, 1, 1, 1, 1, 1, 5, 2, 2, 2, 2, 2, 7, 7, 7, 5, 8, 8, 8, 0, 3, 3, 3, 6, 1, 4, 4, 4, 1, 1, 1, 1, 1, 4, 4, 4, 4, 0, 1, 1, 1, 1, 8, 6, 6, 6, 6, 6, 2, 0, 4, 8, 3, 3, 3, 3, 3, 1, 1, 1, 1, 3, 3, 3, 7, 5, 1, 8, 8, 8, 8, 4, 4, 4, 4, 0, 8, 5, 5, 2, 2, 2, 2, 2, 7, 7]"
15,-11.999999999999973,100,True,119,"[6, 0, 7, 7, 7, 7, 8, 3, 3, 3, 3, 3, 1, 1, 1, 4, 4, 7, 7, 4, 7, 4, 7, 4, 7, 4, 7, 4, 7, 4, 7, 4, 7, 4, 7, 4, 7, 4, 7, 4, 7, 4, 7, 4, 7, 4, 7, 4, 7, 4, 7, 4, 7, 4, 7, 4, 7, 4, 7, 4, 7, 4, 7, 4, 7, 4, 7, 4, 7, 4, 7, 4, 7, 4, 7, 4, 7, 4, 7, 4, 7, 4, 7, 4, 7, 4, 7, 4, 7, 4, 7, 4, 7, 4, 7, 4, 7, 4, 7, 4, 7, 4, 7, 4, 7, 4, 7, 4, 7, 4, 7, 4, 7, 4, 7, 4, 7, 4, 7, 4]"
20,-11.999999999999975,101,True,119,"[5, 4, 4, 4, 4, 4, 4, 1, 2, 2, 3, 3, 3, 3, 3, 3, 2, 4, 4, 4, 4, 4, 4, 1, 1, 4, 2, 2, 3, 3, 3, 3, 3, 3, 3, 4, 4, 4, 4, 4, 4, 1, 1, 8, 3, 3, 8, 3, 8, 3, 8, 3, 8, 3, 8, 3, 8, 3, 8, 3, 8, 3, 8, 3, 8, 3, 8, 3, 8, 3, 8, 3, 8, 3, 8, 3, 8, 3, 8, 3, 8, 3, 8, 3, 8, 3, 8, 3, 8, 3, 8, 3, 8, 3, 8, 3, 8, 3, 8, 3, 8, 3, 8, 3, 8, 3, 8, 3, 8, 3, 8, 3, 8, 3, 8, 3, 8, 3, 8, 3]"
35,-11.999999999999975,102,True,119,"[3, 0, 3, 3, 3, 3, 3, 7, 8, 8, 8, 8, 8, 8, 1, 7, 7, 7, 7, 7, 7, 2, 2, 2, 2, 7, 7, 1, 1, 1, 1, 1, 4, 1, 1, 8, 8, 8, 8, 8, 5, 2, 2, 2, 2, 2, 5, 5, 5, 5, 5, 2, 2, 2, 2, 2, 5, 5, 5, 5, 5, 2, 2, 2, 2, 2, 7, 7, 2, 5, 5, 5, 5, 5, 8, 8, 2, 2, 2, 2, 2, 7, 7, 8, 8, 4, 5, 5, 5, 5, 5, 7, 7, 7, 7, 7, 4, 4, 4, 4, 7, 7, 7, 7, 4, 4, 4, 4, 3, 3, 3, 3, 2, 2, 2, 2, 2, 2, 4, 5]"
0,0.0,103,False,0,[]
13,-10.999999999999977,104,True,119,"[6, 6, 2, 2, 4, 4, 3, 3, 3, 4, 4, 4, 4, 4, 4, 4, 2, 2, 2, 8, 1, 1, 3, 3, 3, 3, 3, 1, 8, 6, 1, 6, 1, 6, 1, 6, 1, 6, 1, 6, 1, 6, 1, 6, 1, 6, 1, 6, 1, 6, 1, 6, 1, 6, 1, 6, 1, 6, 1, 6, 1, 6, 1, 6, 1, 6, 1, 6, 1, 6, 1, 6, 1, 6, 1, 6, 1, 6, 1, 6, 1, 6, 1, 6, 1, 6, 1, 6, 1, 6, 1, 6, 1, 6, 1, 6, 1, 6, 1, 6, 1, 6, 1, 6, 1, 6, 1, 6, 1, 6, 1, 6, 1, 6, 1, 6, 1, 6, 1, 6]"
35,-10.999999999999979,105,True,119,"[0, 8, 8, 8, 8, 8, 8, 4, 4, 3, 3, 3, 3, 3, 3, 3, 3, 1, 1, 1, 1, 1, 1, 1, 1, 4, 4, 1, 3, 3, 2, 2, 2, 2, 2, 2, 2, 2, 1, 1, 1, 1, 1, 1, 1, 1, 2, 2, 2, 2, 2, 2, 2, 2, 8, 8, 8, 8, 8, 8, 8, 8, 4, 2, 1, 1, 1, 3, 3, 1, 2, 2, 2, 4, 4, 1, 1, 1, 3, 3, 4, 4, 2, 2, 2, 3, 3, 3, 3, 3, 3, 3, 3, 7, 1, 1, 1, 1, 1, 1, 1, 1, 4, 4, 7, 7, 8, 8, 2, 2, 2, 2, 7, 7, 0, 2, 2, 2, 2, 2]"
15,-11.999999999999973,106,True,119,"[6, 6, 8, 3, 3, 0, 7, 4, 5, 2, 2, 2, 2, 4, 7, 3, 7, 7, 1, 6, 1, 6, 1, 6, 1, 6, 1, 6, 1, 6, 1, 6, 1, 6, 1, 6, 1, 6, 1, 6, 1, 6, 1, 6, 1, 6, 1, 6, 1, 6, 1, 6, 1, 6, 1, 6, 1, 6, 1, 6, 1, 6, 1, 6, 1, 6, 1, 6, 1, 6, 1, 6, 1, 6, 1, 6, 1, 6, 1, 6, 1, 6, 1, 6, 1, 6, 1, 6, 1, 6, 1, 6, 1, 6, 1, 6, 1, 6, 1, 6, 1, 6, 1, 6, 1, 6, 1, 6, 1, 6, 1, 6, 1, 6, 1, 6, 1, 6, 1, 6]"
52,-10.999999999999979,107,True,119,"[1, 7, 7, 4, 4, 4, 0, 2, 2, 2, 2, 3, 2, 2, 2, 2, 2, 0, 1, 1, 1, 1, 1, 8, 8, 0, 1, 1, 1, 1, 7, 7, 7, 2, 2, 2, 1, 1, 1, 7, 0, 2, 2, 2, 4, 4, 8, 0, 2, 2, 8, 8, 2, 2, 2, 2, 2, 7, 7, 7, 0, 2, 1, 3, 4, 4, 4, 8, 5, 5, 5, 5, 5, 3, 3, 5, 5, 3, 3, 1, 1, 1, 5, 3, 8, 8, 8, 4, 7, 7, 7, 4, 4, 4, 0, 2, 2, 2, 2, 7, 7, 5, 5, 5, 0, 3, 3, 2, 4, 4, 4, 0, 8, 1, 1, 1, 2, 2, 2, 2]"
74,-11.999999999999973,108,True,119,"[2, 5, 7, 7, 3, 1, 1, 8, 5, 3, 0, 2, 2, 4, 4, 4, 4, 2, 0, 7, 7, 7, 0, 6, 5, 5, 4, 6, 6, 4, 4, 4, 6, 5, 8, 7, 7, 7, 1, 1, 7, 7, 6, 6, 6, 1, 1, 6, 6, 6, 1, 1, 6, 6, 6, 1, 1, 6, 6, 6, 8, 8, 8, 1, 1, 1, 1, 7, 7, 7, 1, 1, 1, 6, 6, 6, 1, 1, 6, 6, 1, 1, 6, 6, 6, 1, 1, 6, 6, 6, 1, 1, 6, 6, 1, 1, 6, 6, 6, 1, 1, 6, 6, 6, 1, 1, 6, 6, 6, 1, 1, 6, 6, 1, 1, 6, 6, 6, 1, 1]"
41,-11.999999999999973,109,True,119,"[6, 6, 2, 2, 1, 1, 1, 6, 6, 6, 2, 8, 1, 1, 1, 1, 2, 2, 2, 1, 1, 1, 2, 2, 2, 1, 1, 1, 2, 2, 2, 5, 5, 5, 4, 4, 4, 2, 2, 2, 5, 5, 5, 5, 6, 6, 6, 6, 4, 4, 4, 4, 1, 1, 1, 1, 5, 6, 6, 6, 6, 8, 2, 5, 5, 5, 5, 2, 2, 2, 2, 5, 5, 5, 5, 5, 2, 2, 2, 2, 5, 5, 5, 5, 2, 2, 2, 2, 5, 5, 5, 5, 2, 2, 2, 2, 5, 5, 5, 5, 2, 2, 2, 2, 5, 5, 5, 5, 5, 2, 2, 2, 2, 5, 5, 5, 5, 2, 2, 2]"
40,-11.999999999999973,110,True,119,"[5, 1, 3, 5, 0, 0, 0, 6, 4, 4, 6, 4, 4, 4, 4, 1, 1, 4, 4, 4, 4, 1, 1, 1, 1, 1, 6, 6, 1, 1, 6, 6, 1, 1, 2, 2, 1, 1, 1, 2, 2, 1, 1, 2, 2, 1, 1, 1, 2, 2, 3, 3, 3, 3, 3, 3, 1, 1, 1, 1, 1, 1, 8, 8, 8, 0, 7, 2, 2, 0, 7, 0, 0, 7, 1, 1, 7, 6, 1, 6, 1, 6, 1, 6, 1, 6, 1, 6, 1, 6, 1, 6, 1, 6, 1, 6, 1, 6, 1, 6, 1, 6, 1, 6, 1, 6, 1, 6, 1, 6, 1, 6, 1, 6, 1, 6, 1, 6, 1, 6]"
49,-10.999999999999977,111,True,119,"[1, 1, 1, 1, 1, 2, 2, 2, 1, 1, 1, 5, 8, 8, 2, 2, 2, 3, 3, 6, 5, 5, 5, 8, 8, 1, 1, 1, 1, 6, 6, 6, 6, 6, 6, 4, 4, 4, 4, 5, 8, 1, 3, 3, 3, 3, 3, 6, 2, 7, 1, 1, 1, 1, 8, 8, 7, 7, 5, 8, 8, 2, 2, 2, 4, 4, 4, 4, 2, 2, 7, 7, 7, 6, 3, 4, 4, 4, 4, 8, 5, 5, 3, 3, 3, 3, 3, 5, 5, 5, 3, 8, 8, 6, 6, 6, 3, 3, 8, 8, 8, 8, 8, 3, 3, 3, 3, 3, 8, 8, 8, 8, 8, 4, 3, 3, 3, 3, 3, 4]"
38,-11.999999999999973,112,True,119,"[5, 6, 6, 6, 6, 6, 6, 6, 6, 6, 6, 6, 6, 8, 0, 2, 2, 2, 6, 6, 2, 2, 2, 2, 2, 2, 2, 2, 2, 2, 8, 6, 8, 6, 3, 8, 2, 2, 2, 2, 2, 2, 2, 6, 2, 1, 2, 1, 2, 1, 2, 1, 2, 1, 2, 1, 2, 1, 2, 1, 2, 1, 2, 1, 2, 1, 2, 1, 2, 1, 2, 1, 2, 1, 2, 1, 2, 1, 2, 1, 2, 1, 2, 1, 2, 1, 2, 1, 2, 1, 2, 1, 2, 1, 2, 1, 2, 1, 2, 1, 2, 1, 2, 1, 2, 1, 2, 1, 2, 1, 2, 1, 2, 1, 2, 1, 2, 1, 2, 1]"
62,-10.999999999999977,113,True,119,"[3, 2, 2, 2, 2, 2, 4, 0, 2, 4, 4, 2, 2, 2, 2, 2, 4, 2, 0, 0, 0, 0, 0, 0, 0, 0, 0, 0, 0, 0, 0, 7, 5, 7, 7, 7, 7, 7, 7, 7, 7, 7, 7, 7, 0, 0, 0, 0, 0, 0, 0, 0, 0, 0, 0, 0, 0, 0, 0, 0, 5, 5, 5, 5, 7, 3, 7, 5, 7, 0, 4, 4, 5, 5, 0, 5, 2, 5, 2, 5, 2, 5, 2, 5, 2, 5, 2, 5, 2, 5, 2, 5, 2, 5, 2, 5, 2, 5, 2, 5, 2, 5, 2, 5, 2, 5, 2, 5, 2, 5, 2, 5, 2, 5, 2, 5, 2, 5, 2, 5]"
26,-11.999999999999973,114,True,119,"[5, 5, 5, 1, 1, 1, 1, 0, 7, 7, 0, 1, 5, 1, 1, 0, 0, 0, 0, 0, 0, 0, 3, 6, 6, 2, 6, 3, 0, 6, 1, 2, 1, 2, 1, 2, 1, 2, 1, 2, 1, 2, 1, 2, 1, 2, 1, 2, 1, 2, 1, 2, 1, 2, 1, 2, 1, 2, 1, 2, 1, 2, 1, 2, 1, 2, 1, 2, 1, 2, 1, 2, 1, 2, 1, 2, 1, 2, 1, 2, 1, 2, 1, 2, 1, 2, 1, 2, 1, 2, 1, 2, 1, 2, 1, 2, 1, 2, 1, 2, 1, 2, 1, 2, 1, 2, 1, 2, 1, 2, 1, 2, 1, 2, 1, 2, 1, 2, 1, 2]"
21,-11.999999999999973,115,True,119,"[5, 5, 5, 6, 6, 6, 6, 6, 6, 6, 6, 6, 6, 7, 8, 8, 8, 3, 3, 3, 3, 3, 3, 2, 2, 1, 2, 1, 2, 1, 2, 1, 2, 1, 2, 1, 2, 1, 2, 1, 2, 1, 2, 1, 2, 1, 2, 1, 2, 1, 2, 1, 2, 1, 2, 1, 2, 1, 2, 1, 2, 1, 2, 1, 2, 1, 2, 1, 2, 1, 2, 1, 2, 1, 2, 1, 2, 1, 2, 1, 2, 1, 2, 1, 2, 1, 2, 1, 2, 1, 2, 1, 2, 1, 2, 1, 2, 1, 2, 1, 2, 1, 2, 1, 2, 1, 2, 1, 2, 1, 2, 1, 2, 1, 2, 1, 2, 1, 2, 1]"
15,-11.999999999999973,116,True,119,"[2, 3, 3, 3, 3, 3, 3, 8, 8, 8, 8, 8, 8, 2, 2, 8, 5, 5, 1, 5, 3, 5, 5, 5, 8, 8, 8, 8, 3, 8, 3, 8, 3, 8, 3, 8, 3, 8, 3, 8, 3, 8, 3, 8, 3, 8, 3, 8, 3, 8, 3, 8, 3, 8, 3, 8, 3, 8, 3, 8, 3, 8, 3, 8, 3, 8, 3, 8, 3, 8, 3, 8, 3, 8, 3, 8, 3, 8, 3, 8, 3, 8, 3, 8, 3, 8, 3, 8, 3, 8, 3, 8, 3, 8, 3, 8, 3, 8, 3, 8, 3, 8, 3, 8, 3, 8, 3, 8, 3, 8, 3, 8, 3, 8, 3, 8, 3, 8, 3, 8]"
12,-11.999999999999973,117,True,119,"[6, 5, 4, 8, 8, 4, 4, 2, 6, 2, 4, 4, 8, 8, 8, 5, 6, 5, 6, 5, 6, 5, 6, 5, 6, 5, 6, 5, 6, 5, 6, 5, 6, 5, 6, 5, 6, 5, 6, 5, 6, 5, 6, 5, 6, 5, 6, 5, 6, 5, 6, 5, 6, 5, 6, 5, 6, 5, 6, 5, 6, 5, 6, 5, 6, 5, 6, 5, 6, 5, 6, 5, 6, 5, 6, 5, 6, 5, 6, 5, 6, 5, 6, 5, 6, 5, 6, 5, 6, 5, 6, 5, 6, 5, 6, 5, 6, 5, 6, 5, 6, 5, 6, 5, 6, 5, 6, 5, 6, 5, 6, 5, 6, 5, 6, 5, 6, 5, 6, 5]"
16,-11.999999999999973,118,True,119,"[7, 0, 0, 8, 8, 8, 8, 8, 8, 8, 8, 8, 8, 2, 3, 3, 2, 3, 3, 8, 3, 8, 3, 8, 3, 8, 3, 8, 3, 8, 3, 8, 3, 8, 3, 8, 3, 8, 3, 8, 3, 8, 3, 8, 3, 8, 3, 8, 3, 8, 3, 8, 3, 8, 3, 8, 3, 8, 3, 8, 3, 8, 3, 8, 3, 8, 3, 8, 3, 8, 3, 8, 3, 8, 3, 8, 3, 8, 3, 8, 3, 8, 3, 8, 3, 8, 3, 8, 3, 8, 3, 8, 3, 8, 3, 8, 3, 8, 3, 8, 3, 8, 3, 8, 3, 8, 3, 8, 3, 8, 3, 8, 3, 8, 3, 8, 3, 8, 3, 8]"
64,-11.999999999999975,119,True,119,"[8, 5, 5, 5, 5, 5, 5, 5, 5, 5, 5, 5, 5, 5, 2, 5, 5, 5, 5, 5, 5, 5, 5, 5, 5, 5, 5, 5, 5, 5, 5, 5, 4, 4, 5, 6, 6, 6, 5, 3, 3, 3, 3, 3, 3, 3, 5, 5, 6, 6, 5, 5, 3, 3, 6, 5, 4, 4, 4, 2, 2, 5, 5, 5, 5, 5, 5, 5, 6, 6, 6, 6, 6, 6, 6, 7, 7, 4, 4, 4, 4, 4, 4, 4, 5, 2, 7, 7, 7, 7, 7, 7, 7, 0, 2, 5, 5, 4, 4, 1, 1, 1, 1, 1, 1, 2, 2, 2, 2, 2, 2, 2, 4, 4, 4, 4, 4, 4, 1, 0]"
35,-11.999999999999973,120,True,119,"[7, 7, 7, 3, 0, 6, 1, 1, 1, 1, 1, 1, 1, 1, 5, 6, 6, 6, 6, 6, 6, 6, 6, 4, 4, 4, 4, 8, 2, 1, 1, 1, 1, 1, 1, 5, 6, 6, 6, 6, 6, 6, 0, 5, 5, 5, 5, 5, 5, 3, 3, 3, 3, 7, 5, 5, 5, 0, 7, 3, 6, 6, 6, 6, 6, 6, 6, 6, 2, 4, 4, 4, 4, 4, 5, 5, 5, 5, 5, 5, 3, 3, 3, 3, 4, 4, 4, 4, 8, 3, 3, 3, 3, 2, 2, 2, 2, 2, 2, 8, 8, 8, 8, 5, 5, 5, 5, 5, 5, 3, 3, 3, 3, 5, 5, 5, 2, 2, 2, 2]"
24,-11.999999999999973,121,True,119,"[8, 6, 1, 1, 1, 4, 4, 4, 4, 1, 1, 2, 2, 2, 2, 5, 0, 7, 3, 6, 5, 5, 5, 5, 6, 6, 6, 6, 6, 6, 5, 5, 5, 5, 6, 5, 6, 5, 6, 5, 6, 5, 6, 5, 6, 5, 6, 5, 6, 5, 6, 5, 6, 5, 6, 5, 6, 5, 6, 5, 6, 5, 6, 5, 6, 5, 6, 5, 6, 5, 6, 5, 6, 5, 6, 5, 6, 5, 6, 5, 6, 5, 6, 5, 6, 5, 6, 5, 6, 5, 6, 5, 6, 5, 6, 5, 6, 5, 6, 5, 6, 5, 6, 5, 6, 5, 6, 5, 6, 5, 6, 5, 6, 5, 6, 5, 6, 5, 6, 5]"
22,-11.999999999999973,122,True,119,"[6, 3, 3, 3, 3, 3, 3, 3, 3, 3, 3, 3, 3, 3, 3, 3, 3, 3, 3, 3, 0, 7, 8, 3, 8, 3, 8, 3, 8, 3, 8, 3, 8, 3, 8, 3, 8, 3, 8, 3, 8, 3, 8, 3, 8, 3, 8, 3, 8, 3, 8, 3, 8, 3, 8, 3, 8, 3, 8, 3, 8, 3, 8, 3, 8, 3, 8, 3, 8, 3, 8, 3, 8, 3, 8, 3, 8, 3, 8, 3, 8, 3, 8, 3, 8, 3, 8, 3, 8, 3, 8, 3, 8, 3, 8, 3, 8, 3, 8, 3, 8, 3, 8, 3, 8, 3, 8, 3, 8, 3, 8, 3, 8, 3, 8, 3, 8, 3, 8, 3]"
50,-11.999999999999973,123,True,119,"[8, 8, 7, 3, 0, 2, 2, 2, 1, 1, 1, 1, 3, 3, 1, 1, 1, 1, 2, 0, 2, 2, 2, 4, 4, 0, 1, 1, 1, 1, 1, 3, 3, 3, 7, 4, 4, 4, 4, 2, 2, 2, 2, 2, 2, 3, 3, 1, 1, 1, 1, 1, 4, 4, 3, 3, 3, 3, 2, 8, 8, 8, 8, 1, 1, 4, 8, 2, 2, 2, 2, 2, 2, 0, 3, 3, 8, 8, 7, 7, 4, 4, 7, 7, 1, 1, 1, 1, 1, 7, 7, 7, 1, 1, 4, 4, 4, 8, 1, 0, 7, 7, 7, 3, 3, 0, 2, 2, 1, 1, 2, 2, 8, 8, 8, 8, 2, 2, 2, 2]"
43,-11.999999999999973,124,True,119,"[2, 2, 2, 2, 8, 8, 8, 4, 1, 0, 2, 2, 2, 2, 2, 3, 3, 2, 5, 0, 7, 1, 4, 4, 4, 8, 1, 1, 1, 1, 1, 7, 7, 7, 7, 7, 7, 1, 1, 1, 1, 8, 8, 8, 8, 7, 7, 7, 7, 8, 8, 8, 8, 5, 4, 7, 7, 7, 7, 0, 3, 4, 4, 4, 4, 3, 3, 3, 3, 4, 4, 4, 4, 3, 3, 3, 3, 4, 4, 4, 4, 2, 2, 2, 2, 2, 4, 4, 4, 3, 3, 3, 3, 3, 3, 5, 5, 5, 5, 2, 2, 2, 2, 2, 4, 4, 2, 5, 5, 5, 8, 8, 8, 8, 2, 2, 2, 3, 5, 5]"
6,-10.999999999999977,125,True,119,"[0, 0, 8, 4, 2, 4, 4, 3, 5, 3, 8, 3, 8, 3, 8, 3, 8, 3, 8, 3, 8, 3, 8, 3, 8, 3, 8, 3, 8, 3, 8, 3, 8, 3, 8, 3, 8, 3, 8, 3, 8, 3, 8, 3, 8, 3, 8, 3, 8, 3, 8, 3, 8, 3, 8, 3, 8, 3, 8, 3, 8, 3, 8, 3, 8, 3, 8, 3, 8, 3, 8, 3, 8, 3, 8, 3, 8, 3, 8, 3, 8, 3, 8, 3, 8, 3, 8, 3, 8, 3, 8, 3, 8, 3, 8, 3, 8, 3, 8, 3, 8, 3, 8, 3, 8, 3, 8, 3, 8, 3, 8, 3, 8, 3, 8, 3, 8, 3, 8, 3]"
23,-11.999999999999973,126,True,119,"[3, 4, 4, 4, 4, 4, 3, 3, 3, 3, 3, 8, 8, 8, 8, 8, 3, 3, 3, 3, 3, 8, 8, 8, 8, 8, 3, 3, 3, 3, 3, 8, 8, 8, 8, 8, 6, 3, 3, 3, 3, 3, 5, 5, 3, 7, 6, 6, 6, 6, 6, 6, 6, 1, 1, 1, 1, 1, 1, 1, 6, 6, 6, 6, 6, 6, 6, 2, 8, 4, 1, 1, 1, 1, 1, 1, 1, 4, 4, 4, 4, 4, 4, 1, 8, 7, 7, 4, 7, 4, 7, 4, 7, 4, 7, 4, 7, 4, 7, 4, 7, 4, 7, 4, 7, 4, 7, 4, 7, 4, 7, 4, 7, 4, 7, 4, 7, 4, 7, 4]"
43,-10.999999999999973,127,True,119,"[7, 5, 5, 3, 3, 3, 3, 3, 3, 3, 2, 2, 2, 8, 8, 8, 8, 7, 7, 7, 7, 6, 1, 1, 1, 5, 8, 8, 8, 8, 8, 8, 8, 8, 4, 0, 6, 7, 7, 7, 7, 7, 7, 7, 7, 2, 2, 2, 5, 5, 5, 0, 2, 2, 2, 4, 4, 4, 4, 4, 2, 8, 0, 6, 5, 5, 5, 1, 6, 6, 6, 3, 3, 3, 3, 3, 1, 1, 1, 3, 7, 5, 6, 6, 6, 5, 5, 5, 6, 6, 6, 0, 8, 8, 8, 8, 8, 5, 5, 5, 5, 7, 7, 7, 7, 7, 8, 8, 8, 8, 8, 8, 8, 8, 0, 2, 4, 7, 7, 7]"
12,-11.999999999999973,128,True,119,"[4, 7, 7, 7, 2, 2, 5, 5, 5, 6, 6, 6, 3, 0, 7, 3, 3, 3, 3, 3, 3, 5, 5, 1, 8, 8, 3, 8, 3, 8, 3, 8, 3, 8, 3, 8, 3, 8, 3, 8, 3, 8, 3, 8, 3, 8, 3, 8, 3, 8, 3, 8, 3, 8, 3, 8, 3, 8, 3, 8, 3, 8, 3, 8, 3, 8, 3, 8, 3, 8, 3, 8, 3, 8, 3, 8, 3, 8, 3, 8, 3, 8, 3, 8, 3, 8, 3, 8, 3, 8, 3, 8, 3, 8, 3, 8, 3, 8, 3, 8, 3, 8, 3, 8, 3, 8, 3, 8, 3, 8, 3, 8, 3, 8, 3, 8, 3, 8, 3, 8]"
52,-10.999999999999977,129,True,119,"[8, 6, 7, 3, 2, 1, 0, 1, 1, 1, 5, 2, 2, 2, 2, 5, 5, 5, 5, 2, 2, 2, 2, 5, 5, 5, 5, 3, 3, 3, 3, 0, 4, 2, 4, 0, 3, 2, 7, 7, 7, 7, 7, 7, 3, 3, 6, 4, 4, 4, 4, 4, 4, 6, 0, 4, 4, 6, 6, 8, 4, 3, 2, 5, 5, 7, 7, 1, 1, 1, 1, 5, 2, 2, 2, 2, 5, 5, 5, 5, 2, 2, 2, 2, 3, 5, 5, 5, 5, 8, 6, 6, 6, 6, 4, 4, 8, 6, 6, 1, 1, 1, 1, 7, 7, 7, 7, 7, 7, 7, 5, 5, 6, 6, 3, 1, 1, 8, 4, 2]"
43,-11.999999999999975,130,True,119,"[8, 8, 8, 7, 7, 6, 1, 1, 1, 4, 4, 4, 4, 4, 3, 3, 3, 3, 3, 4, 4, 4, 4, 3, 3, 3, 3, 4, 4, 4, 4, 3, 3, 3, 3, 7, 4, 4, 4, 4, 5, 7, 7, 7, 7, 5, 5, 5, 5, 5, 7, 7, 7, 5, 3, 4, 4, 4, 4, 4, 6, 3, 3, 3, 3, 3, 6, 4, 4, 4, 4, 4, 4, 5, 3, 3, 3, 3, 3, 3, 4, 4, 4, 4, 4, 2, 3, 3, 3, 3, 3, 2, 4, 4, 4, 4, 4, 0, 3, 3, 3, 3, 3, 0, 4, 4, 4, 4, 4, 1, 3, 3, 3, 3, 3, 1, 4, 4, 4, 4]"
51,-10.999999999999977,131,True,119,"[4, 4, 4, 8, 8, 8, 8, 1, 1, 2, 4, 2, 4, 8, 8, 3, 3, 2, 3, 3, 8, 8, 8, 3, 3, 3, 8, 8, 8, 3, 3, 3, 8, 8, 8, 1, 1, 1, 1, 1, 1, 2, 2, 2, 2, 2, 2, 2, 3, 3, 3, 8, 8, 8, 3, 3, 3, 8, 8, 8, 1, 1, 1, 1, 1, 1, 1, 3, 7, 8, 8, 8, 7, 7, 8, 8, 7, 7, 8, 8, 0, 7, 7, 8, 8, 7, 7, 8, 8, 7, 7, 8, 8, 8, 7, 7, 4, 4, 5, 5, 7, 8, 4, 3, 3, 0, 1, 4, 4, 1, 8, 6, 6, 6, 6, 6, 6, 6, 2, 7]"
43,-11.999999999999975,132,True,119,"[7, 7, 7, 0, 3, 5, 8, 8, 8, 8, 2, 1, 1, 1, 1, 1, 1, 4, 6, 6, 6, 6, 6, 6, 5, 5, 5, 5, 5, 5, 6, 6, 6, 6, 6, 6, 3, 3, 3, 3, 4, 4, 4, 4, 3, 3, 3, 3, 1, 1, 1, 1, 4, 4, 4, 4, 1, 1, 1, 6, 6, 6, 6, 6, 6, 2, 3, 3, 3, 3, 5, 5, 5, 5, 4, 4, 4, 4, 8, 0, 3, 3, 3, 3, 3, 3, 3, 3, 2, 7, 5, 5, 5, 1, 6, 6, 6, 0, 1, 1, 1, 8, 8, 4, 1, 0, 5, 6, 7, 7, 2, 2, 2, 2, 5, 5, 5, 2, 2, 2]"
5,-10.999999999999977,133,True,119,"[8, 2, 8, 6, 6, 6, 4, 5, 6, 5, 6, 5, 6, 5, 6, 5, 6, 5, 6, 5, 6, 5, 6, 5, 6, 5, 6, 5, 6, 5, 6, 5, 6, 5, 6, 5, 6, 5, 6, 5, 6, 5, 6, 5, 6, 5, 6, 5, 6, 5, 6, 5, 6, 5, 6, 5, 6, 5, 6, 5, 6, 5, 6, 5, 6, 5, 6, 5, 6, 5, 6, 5, 6, 5, 6, 5, 6, 5, 6, 5, 6, 5, 6, 5, 6, 5, 6, 5, 6, 5, 6, 5, 6, 5, 6, 5, 6, 5, 6, 5, 6, 5, 6, 5, 6, 5, 6, 5, 6, 5, 6, 5, 6, 5, 6, 5, 6, 5, 6, 5]"
56,-11.999999999999973,134,True,119,"[5, 5, 5, 5, 3, 3, 3, 4, 4, 3, 3, 4, 4, 3, 3, 4, 4, 3, 3, 4, 4, 4, 7, 7, 4, 4, 0, 3, 3, 0, 1, 1, 1, 4, 1, 1, 1, 1, 4, 4, 0, 3, 3, 3, 3, 3, 3, 3, 1, 1, 7, 5, 3, 0, 4, 4, 4, 4, 4, 4, 4, 4, 0, 6, 6, 6, 2, 2, 2, 4, 0, 3, 3, 0, 5, 5, 5, 5, 6, 6, 6, 6, 6, 6, 6, 7, 4, 4, 8, 5, 0, 7, 7, 1, 1, 1, 1, 1, 1, 1, 2, 2, 2, 2, 2, 2, 2, 3, 0, 1, 1, 1, 1, 1, 1, 1, 1, 0, 8, 7]"
48,-11.999999999999973,135,True,119,"[0, 3, 8, 1, 1, 1, 7, 8, 3, 2, 2, 2, 4, 4, 4, 4, 4, 4, 4, 2, 3, 3, 3, 3, 3, 3, 3, 6, 8, 8, 8, 8, 8, 8, 8, 6, 7, 7, 7, 7, 7, 7, 7, 5, 1, 0, 2, 8, 8, 8, 8, 8, 8, 8, 8, 8, 8, 0, 1, 1, 1, 1, 1, 0, 5, 8, 7, 7, 4, 4, 3, 3, 3, 4, 4, 3, 3, 2, 2, 2, 2, 2, 3, 3, 3, 3, 4, 4, 4, 4, 4, 4, 7, 7, 7, 7, 7, 7, 8, 8, 8, 8, 8, 8, 2, 7, 7, 7, 7, 7, 7, 5, 0, 2, 2, 1, 1, 8, 8, 8]"
49,-11.999999999999973,136,True,119,"[5, 2, 2, 2, 2, 2, 1, 1, 1, 2, 2, 2, 1, 1, 1, 2, 2, 2, 1, 1, 1, 2, 2, 2, 1, 1, 1, 4, 2, 2, 2, 4, 7, 7, 7, 7, 7, 1, 1, 1, 1, 1, 1, 8, 8, 4, 7, 7, 2, 2, 2, 2, 2, 2, 0, 4, 4, 4, 4, 4, 6, 1, 1, 1, 0, 8, 3, 8, 8, 3, 3, 3, 3, 6, 6, 6, 3, 3, 7, 6, 6, 0, 2, 8, 8, 8, 8, 8, 1, 1, 1, 8, 4, 2, 2, 2, 4, 0, 1, 1, 1, 6, 6, 6, 7, 7, 7, 7, 7, 1, 1, 1, 1, 1, 1, 7, 3, 6, 6, 6]"
37,-10.999999999999973,137,True,119,"[6, 4, 4, 4, 3, 3, 3, 0, 7, 1, 2, 2, 2, 4, 4, 4, 8, 2, 2, 2, 2, 2, 2, 1, 1, 1, 1, 1, 1, 1, 1, 2, 2, 2, 2, 2, 2, 2, 2, 8, 8, 4, 1, 1, 1, 7, 7, 7, 2, 2, 2, 1, 1, 1, 1, 1, 1, 1, 4, 4, 4, 2, 7, 7, 7, 7, 7, 0, 8, 8, 8, 8, 8, 1, 3, 3, 3, 3, 3, 6, 6, 6, 1, 1, 1, 6, 6, 6, 6, 8, 1, 1, 1, 2, 2, 2, 4, 4, 4, 4, 1, 1, 1, 1, 2, 2, 2, 2, 2, 2, 2, 2, 4, 4, 3, 3, 3, 3, 3, 8]"
6,-10.999999999999977,138,True,119,"[8, 1, 1, 1, 1, 0, 2, 2, 2, 2, 2, 5, 5, 5, 5, 5, 4, 4, 6, 1, 6, 1, 6, 1, 6, 1, 6, 1, 6, 1, 6, 1, 6, 1, 6, 1, 6, 1, 6, 1, 6, 1, 6, 1, 6, 1, 6, 1, 6, 1, 6, 1, 6, 1, 6, 1, 6, 1, 6, 1, 6, 1, 6, 1, 6, 1, 6, 1, 6, 1, 6, 1, 6, 1, 6, 1, 6, 1, 6, 1, 6, 1, 6, 1, 6, 1, 6, 1, 6, 1, 6, 1, 6, 1, 6, 1, 6, 1, 6, 1, 6, 1, 6, 1, 6, 1, 6, 1, 6, 1, 6, 1, 6, 1, 6, 1, 6, 1, 6, 1]"
49,-11.999999999999975,139,True,119,"[6, 3, 3, 7, 8, 8, 8, 8, 2, 4, 4, 4, 6, 6, 7, 7, 5, 5, 4, 4, 0, 2, 2, 3, 3, 5, 5, 8, 8, 1, 1, 1, 1, 2, 2, 2, 2, 2, 5, 5, 5, 5, 5, 3, 7, 8, 8, 0, 6, 6, 6, 2, 2, 2, 2, 2, 7, 7, 4, 4, 6, 0, 8, 7, 7, 3, 3, 1, 8, 8, 5, 5, 5, 5, 5, 5, 5, 5, 1, 3, 3, 8, 8, 7, 7, 0, 8, 8, 6, 6, 6, 6, 6, 6, 6, 1, 1, 1, 1, 1, 1, 1, 7, 7, 6, 6, 6, 6, 6, 1, 1, 1, 1, 1, 5, 4, 4, 2, 2, 2]"
25,-10.999999999999979,140,True,119,"[1, 4, 4, 4, 4, 4, 4, 4, 4, 4, 4, 4, 4, 4, 4, 4, 4, 8, 7, 2, 0, 4, 4, 4, 4, 2, 1, 1, 8, 6, 1, 6, 1, 6, 1, 6, 1, 6, 1, 6, 1, 6, 1, 6, 1, 6, 1, 6, 1, 6, 1, 6, 1, 6, 1, 6, 1, 6, 1, 6, 1, 6, 1, 6, 1, 6, 1, 6, 1, 6, 1, 6, 1, 6, 1, 6, 1, 6, 1, 6, 1, 6, 1, 6, 1, 6, 1, 6, 1, 6, 1, 6, 1, 6, 1, 6, 1, 6, 1, 6, 1, 6, 1, 6, 1, 6, 1, 6, 1, 6, 1, 6, 1, 6, 1, 6, 1, 6, 1, 6]"
76,-10.999999999999973,141,True,119,"[6, 6, 6, 6, 6, 6, 6, 6, 6, 6, 6, 6, 6, 6, 6, 6, 2, 6, 6, 6, 6, 6, 6, 6, 6, 6, 6, 6, 6, 6, 5, 5, 6, 6, 5, 5, 7, 6, 6, 3, 0, 7, 5, 5, 8, 8, 5, 8, 8, 7, 7, 7, 0, 3, 8, 8, 8, 6, 6, 3, 3, 3, 6, 6, 6, 8, 1, 1, 8, 8, 8, 8, 1, 1, 1, 3, 3, 3, 3, 2, 2, 4, 1, 1, 1, 4, 4, 4, 2, 2, 2, 2, 2, 4, 2, 2, 2, 4, 1, 1, 1, 1, 1, 1, 1, 4, 8, 2, 2, 2, 2, 2, 2, 2, 6, 8, 3, 3, 3, 1]"
41,-10.999999999999973,142,True,119,"[6, 8, 1, 1, 1, 0, 3, 3, 3, 8, 8, 8, 8, 8, 8, 8, 8, 2, 2, 2, 2, 2, 2, 2, 2, 6, 7, 4, 0, 8, 5, 5, 5, 5, 5, 5, 5, 5, 3, 3, 3, 3, 3, 3, 3, 3, 3, 5, 1, 1, 8, 8, 8, 8, 8, 8, 8, 8, 1, 0, 3, 3, 3, 3, 3, 3, 3, 3, 0, 7, 4, 4, 4, 4, 4, 4, 4, 4, 2, 2, 2, 2, 2, 2, 2, 2, 6, 3, 3, 3, 3, 6, 4, 4, 2, 1, 1, 1, 1, 1, 1, 1, 1, 7, 7, 7, 7, 7, 7, 7, 7, 6, 6, 1, 1, 2, 2, 3, 8, 4]"
25,-11.999999999999973,143,True,119,"[1, 8, 5, 5, 5, 5, 5, 5, 4, 3, 1, 1, 1, 6, 6, 6, 6, 6, 1, 1, 1, 1, 1, 6, 6, 6, 6, 6, 0, 1, 1, 1, 1, 1, 0, 6, 6, 6, 6, 6, 6, 2, 7, 7, 7, 5, 5, 4, 1, 1, 7, 2, 2, 8, 8, 8, 7, 7, 7, 4, 7, 4, 7, 4, 7, 4, 7, 4, 7, 4, 7, 4, 7, 4, 7, 4, 7, 4, 7, 4, 7, 4, 7, 4, 7, 4, 7, 4, 7, 4, 7, 4, 7, 4, 7, 4, 7, 4, 7, 4, 7, 4, 7, 4, 7, 4, 7, 4, 7, 4, 7, 4, 7, 4, 7, 4, 7, 4, 7, 4]"
44,-11.999999999999973,144,True,119,"[7, 7, 1, 1, 1, 1, 1, 1, 1, 6, 6, 6, 6, 6, 6, 6, 6, 8, 8, 8, 1, 7, 7, 7, 2, 1, 1, 1, 1, 1, 1, 1, 1, 1, 0, 6, 6, 6, 6, 6, 6, 6, 6, 8, 8, 8, 0, 6, 2, 7, 7, 7, 3, 3, 3, 0, 8, 8, 8, 4, 3, 3, 3, 4, 4, 4, 3, 3, 3, 3, 5, 5, 5, 5, 5, 5, 5, 5, 8, 4, 3, 7, 7, 7, 2, 2, 2, 2, 2, 2, 2, 2, 2, 2, 4, 4, 4, 4, 5, 7, 7, 7, 7, 5, 5, 5, 5, 5, 5, 5, 5, 5, 5, 2, 2, 2, 2, 2, 2, 2]"
26,-10.999999999999977,145,True,119,"[8, 3, 3, 1, 1, 3, 3, 3, 3, 2, 4, 4, 4, 4, 4, 4, 7, 7, 4, 4, 7, 7, 5, 4, 4, 4, 5, 7, 7, 6, 4, 4, 4, 6, 6, 6, 4, 8, 8, 8, 3, 3, 4, 3, 4, 3, 4, 3, 4, 3, 4, 3, 4, 3, 4, 3, 4, 3, 4, 3, 4, 3, 4, 3, 4, 3, 4, 3, 4, 3, 4, 3, 4, 3, 4, 3, 4, 3, 4, 3, 4, 3, 4, 3, 4, 3, 4, 3, 4, 3, 4, 3, 4, 3, 4, 3, 4, 3, 4, 3, 4, 3, 4, 3, 4, 3, 4, 3, 4, 3, 4, 3, 4, 3, 4, 3, 4, 3, 4, 3]"
58,-10.999999999999973,146,True,119,"[4, 7, 7, 6, 6, 6, 2, 5, 5, 8, 3, 3, 0, 1, 1, 1, 1, 1, 1, 1, 1, 0, 1, 1, 1, 1, 3, 3, 1, 1, 8, 3, 3, 3, 5, 8, 8, 0, 5, 2, 2, 0, 2, 2, 2, 6, 4, 4, 4, 4, 7, 7, 7, 7, 5, 5, 5, 5, 5, 3, 3, 4, 4, 7, 7, 6, 2, 2, 4, 4, 4, 4, 2, 2, 2, 2, 6, 4, 4, 3, 3, 3, 3, 7, 6, 4, 4, 4, 4, 8, 1, 1, 1, 1, 2, 2, 2, 2, 2, 2, 2, 6, 1, 1, 1, 1, 1, 1, 1, 8, 0, 7, 7, 7, 7, 7, 4, 4, 4, 4]"
50,-10.999999999999977,147,True,119,"[4, 4, 4, 4, 4, 6, 5, 5, 3, 3, 7, 2, 2, 0, 6, 5, 5, 0, 5, 5, 5, 7, 7, 7, 7, 5, 8, 8, 8, 8, 4, 1, 3, 3, 3, 3, 6, 1, 2, 0, 8, 8, 8, 8, 8, 0, 0, 2, 2, 2, 2, 2, 2, 4, 4, 8, 2, 3, 3, 3, 3, 3, 3, 3, 3, 2, 0, 7, 8, 8, 8, 8, 8, 8, 8, 8, 6, 7, 7, 7, 7, 7, 7, 7, 7, 6, 8, 8, 8, 8, 8, 8, 8, 8, 1, 1, 1, 8, 7, 7, 4, 4, 6, 6, 0, 7, 7, 7, 7, 7, 7, 7, 7, 5, 5, 5, 7, 1, 1, 4]"
9,-11.999999999999973,148,True,119,"[4, 4, 3, 3, 0, 1, 1, 8, 4, 4, 4, 4, 4, 6, 4, 6, 0, 4, 7, 4, 7, 4, 7, 4, 7, 4, 7, 4, 7, 4, 7, 4, 7, 4, 7, 4, 7, 4, 7, 4, 7, 4, 7, 4, 7, 4, 7, 4, 7, 4, 7, 4, 7, 4, 7, 4, 7, 4, 7, 4, 7, 4, 7, 4, 7, 4, 7, 4, 7, 4, 7, 4, 7, 4, 7, 4, 7, 4, 7, 4, 7, 4, 7, 4, 7, 4, 7, 4, 7, 4, 7, 4, 7, 4, 7, 4, 7, 4, 7, 4, 7, 4, 7, 4, 7, 4, 7, 4, 7, 4, 7, 4, 7, 4, 7, 4, 7, 4, 7, 4]"
44,-11.999999999999975,149,True,119,"[7, 8, 3, 3, 3, 3, 1, 1, 1, 1, 1, 5, 4, 8, 3, 3, 0, 7, 6, 6, 6, 6, 8, 8, 8, 2, 2, 2, 7, 7, 7, 6, 6, 8, 8, 4, 2, 0, 7, 7, 5, 5, 3, 1, 1, 1, 1, 1, 6, 6, 6, 6, 6, 6, 0, 3, 1, 1, 1, 1, 1, 1, 2, 2, 2, 2, 2, 2, 5, 5, 5, 5, 5, 5, 4, 4, 4, 7, 7, 7, 8, 8, 8, 2, 2, 2, 2, 2, 3, 3, 3, 7, 5, 5, 5, 5, 5, 8, 8, 8, 2, 2, 2, 2, 2, 0, 6, 8, 5, 5, 5, 5, 5, 3, 3, 3, 4, 4, 4, 3]"
10,-11.999999999999973,150,True,119,"[1, 1, 1, 3, 3, 6, 6, 3, 7, 0, 5, 5, 4, 4, 4, 4, 5, 4, 2, 2, 2, 2, 1, 1, 2, 1, 2, 1, 2, 1, 2, 1, 2, 1, 2, 1, 2, 1, 2, 1, 2, 1, 2, 1, 2, 1, 2, 1, 2, 1, 2, 1, 2, 1, 2, 1, 2, 1, 2, 1, 2, 1, 2, 1, 2, 1, 2, 1, 2, 1, 2, 1, 2, 1, 2, 1, 2, 1, 2, 1, 2, 1, 2, 1, 2, 1, 2, 1, 2, 1, 2, 1, 2, 1, 2, 1, 2, 1, 2, 1, 2, 1, 2, 1, 2, 1, 2, 1, 2, 1, 2, 1, 2, 1, 2, 1, 2, 1, 2, 1]"
61,-10.999999999999977,151,True,119,"[5, 8, 2, 0, 1, 1, 4, 0, 1, 1, 7, 0, 0, 8, 2, 2, 2, 2, 6, 3, 3, 3, 6, 3, 3, 8, 8, 8, 8, 8, 3, 3, 3, 3, 3, 8, 8, 8, 8, 8, 4, 0, 2, 6, 7, 7, 7, 7, 7, 1, 1, 6, 5, 2, 0, 4, 4, 4, 4, 4, 4, 4, 5, 5, 5, 5, 5, 4, 8, 1, 7, 0, 3, 3, 3, 3, 2, 2, 2, 2, 3, 3, 3, 2, 0, 6, 7, 1, 8, 8, 8, 8, 8, 4, 5, 5, 5, 5, 4, 8, 1, 7, 7, 7, 1, 6, 6, 6, 6, 0, 8, 8, 8, 1, 1, 1, 1, 0, 7, 7]"
40,-11.999999999999973,152,True,119,"[7, 6, 6, 7, 7, 7, 6, 2, 0, 3, 1, 1, 1, 1, 8, 8, 5, 1, 3, 3, 4, 4, 0, 3, 3, 2, 2, 2, 2, 4, 4, 4, 4, 4, 4, 4, 4, 3, 3, 3, 3, 3, 3, 3, 3, 4, 4, 4, 4, 4, 4, 4, 4, 5, 5, 5, 5, 4, 3, 3, 3, 8, 8, 8, 2, 2, 2, 2, 1, 1, 1, 1, 6, 6, 6, 6, 0, 3, 3, 3, 3, 3, 3, 3, 3, 1, 1, 1, 1, 8, 8, 7, 7, 7, 8, 8, 6, 7, 7, 2, 2, 2, 2, 2, 8, 8, 8, 8, 8, 8, 8, 8, 5, 5, 5, 5, 7, 7, 7, 2]"
48,-11.999999999999973,153,True,119,"[2, 7, 7, 5, 5, 2, 2, 8, 8, 8, 3, 3, 3, 5, 5, 6, 6, 8, 8, 8, 5, 1, 6, 3, 3, 3, 0, 4, 4, 4, 0, 3, 3, 3, 4, 4, 4, 3, 3, 3, 3, 4, 4, 4, 3, 3, 3, 4, 4, 4, 3, 3, 3, 4, 4, 4, 3, 3, 3, 3, 4, 4, 4, 3, 3, 3, 4, 4, 4, 3, 3, 3, 4, 4, 4, 3, 3, 3, 3, 4, 4, 4, 3, 3, 3, 4, 4, 4, 3, 3, 3, 4, 4, 4, 3, 3, 3, 3, 4, 4, 4, 3, 3, 3, 4, 4, 4, 3, 3, 3, 4, 4, 4, 3, 3, 3, 4, 4, 4, 3]"
29,-11.999999999999973,154,True,119,"[3, 3, 3, 3, 3, 2, 7, 7, 4, 4, 4, 4, 4, 1, 5, 7, 7, 7, 7, 7, 8, 8, 8, 8, 8, 7, 7, 7, 7, 7, 8, 8, 8, 8, 8, 7, 7, 7, 7, 7, 8, 8, 8, 8, 8, 7, 7, 7, 7, 7, 7, 8, 8, 8, 8, 8, 7, 7, 7, 7, 7, 8, 8, 8, 8, 8, 7, 7, 7, 7, 7, 8, 8, 8, 8, 8, 7, 7, 7, 7, 7, 8, 8, 8, 8, 8, 7, 7, 7, 7, 7, 7, 8, 8, 8, 8, 8, 7, 7, 7, 7, 7, 8, 8, 8, 8, 8, 7, 7, 7, 7, 7, 8, 8, 8, 8, 8, 7, 7, 7]"
51,-11.999999999999973,155,True,119,"[7, 2, 2, 3, 7, 8, 5, 5, 5, 5, 1, 4, 8, 7, 7, 7, 7, 7, 8, 8, 8, 8, 8, 3, 3, 3, 3, 3, 2, 2, 2, 2, 3, 3, 7, 8, 8, 0, 4, 7, 7, 1, 1, 1, 6, 6, 6, 5, 5, 5, 4, 4, 4, 4, 4, 0, 5, 5, 6, 6, 7, 7, 7, 7, 7, 7, 1, 8, 8, 8, 8, 8, 8, 2, 5, 5, 3, 3, 3, 3, 1, 5, 7, 2, 2, 2, 2, 7, 7, 2, 8, 8, 6, 5, 5, 5, 5, 0, 4, 4, 4, 4, 4, 6, 8, 0, 2, 2, 2, 5, 5, 5, 2, 2, 2, 0, 1, 1, 1, 3]"
23,-11.999999999999973,156,True,119,"[3, 7, 8, 8, 6, 6, 0, 1, 1, 5, 7, 7, 4, 4, 2, 2, 3, 3, 7, 6, 6, 6, 6, 0, 0, 0, 0, 2, 2, 0, 0, 0, 6, 4, 3, 4, 3, 4, 3, 4, 3, 4, 3, 4, 3, 4, 3, 4, 3, 4, 3, 4, 3, 4, 3, 4, 3, 4, 3, 4, 3, 4, 3, 4, 3, 4, 3, 4, 3, 4, 3, 4, 3, 4, 3, 4, 3, 4, 3, 4, 3, 4, 3, 4, 3, 4, 3, 4, 3, 4, 3, 4, 3, 4, 3, 4, 3, 4, 3, 4, 3, 4, 3, 4, 3, 4, 3, 4, 3, 4, 3, 4, 3, 4, 3, 4, 3, 4, 3, 4]"
46,-11.999999999999973,157,True,119,"[1, 4, 4, 4, 4, 5, 5, 8, 8, 4, 5, 6, 0, 2, 2, 2, 2, 2, 2, 2, 0, 0, 7, 6, 1, 1, 1, 1, 1, 1, 1, 4, 5, 3, 3, 3, 6, 6, 5, 5, 7, 8, 8, 8, 6, 6, 6, 6, 6, 6, 6, 8, 4, 3, 1, 1, 1, 1, 1, 1, 1, 1, 1, 3, 3, 3, 1, 1, 6, 6, 1, 1, 6, 6, 0, 2, 1, 1, 2, 2, 4, 4, 4, 1, 1, 2, 2, 2, 2, 2, 2, 2, 1, 1, 1, 1, 1, 1, 1, 1, 2, 2, 2, 2, 2, 2, 2, 1, 1, 1, 1, 1, 1, 1, 1, 2, 2, 2, 2, 2]"
45,-11.999999999999975,158,True,119,"[2, 3, 3, 3, 3, 3, 3, 3, 1, 1, 1, 1, 0, 2, 2, 2, 2, 6, 0, 1, 1, 1, 1, 5, 5, 7, 6, 6, 6, 6, 7, 5, 5, 5, 5, 8, 8, 8, 8, 4, 5, 5, 6, 6, 6, 6, 6, 4, 4, 4, 4, 3, 3, 3, 3, 3, 3, 3, 1, 1, 1, 1, 8, 8, 8, 8, 1, 1, 1, 4, 4, 8, 3, 3, 3, 5, 2, 2, 2, 2, 2, 6, 1, 1, 1, 1, 1, 5, 8, 8, 8, 6, 6, 7, 7, 7, 4, 4, 4, 3, 3, 3, 8, 8, 8, 2, 5, 5, 5, 1, 3, 2, 2, 2, 7, 7, 7, 7, 0, 2]"
49,-11.999999999999973,159,True,119,"[3, 5, 5, 5, 5, 5, 5, 5, 2, 2, 2, 2, 2, 2, 2, 2, 5, 5, 5, 5, 5, 5, 5, 5, 2, 2, 2, 2, 2, 2, 2, 2, 5, 5, 5, 5, 5, 5, 5, 5, 8, 8, 8, 5, 2, 2, 2, 5, 5, 6, 0, 4, 7, 7, 7, 1, 4, 4, 4, 1, 7, 7, 7, 7, 7, 7, 3, 4, 4, 4, 3, 3, 3, 3, 4, 4, 4, 3, 3, 3, 3, 3, 4, 4, 4, 3, 3, 3, 3, 4, 4, 4, 3, 3, 3, 3, 4, 4, 4, 3, 3, 3, 3, 3, 4, 4, 4, 3, 3, 3, 3, 4, 4, 4, 3, 3, 3, 3, 4, 4]"
24,-11.999999999999973,160,True,119,"[4, 4, 4, 4, 4, 4, 4, 3, 3, 3, 3, 3, 3, 3, 7, 4, 4, 4, 4, 4, 4, 4, 7, 7, 7, 7, 7, 7, 7, 6, 6, 0, 4, 4, 4, 4, 4, 4, 7, 7, 7, 7, 7, 7, 3, 4, 4, 4, 4, 4, 4, 2, 8, 3, 3, 3, 3, 3, 3, 8, 8, 8, 8, 8, 8, 3, 3, 3, 3, 3, 3, 8, 8, 8, 8, 8, 8, 3, 3, 3, 3, 3, 3, 8, 8, 8, 8, 8, 8, 3, 3, 3, 3, 3, 3, 8, 8, 8, 8, 8, 8, 3, 3, 3, 3, 3, 3, 8, 8, 8, 8, 8, 8, 3, 3, 3, 3, 3, 3, 8]"
61,-11.999999999999975,161,True,119,"[8, 2, 3, 4, 7, 0, 6, 6, 1, 1, 1, 1, 1, 1, 6, 6, 6, 1, 1, 1, 0, 6, 6, 6, 7, 5, 5, 5, 7, 7, 3, 4, 4, 6, 6, 6, 3, 2, 4, 8, 0, 5, 5, 5, 5, 5, 5, 8, 8, 2, 2, 2, 5, 5, 5, 5, 2, 2, 2, 5, 5, 5, 2, 2, 2, 5, 5, 5, 5, 2, 2, 2, 5, 5, 5, 5, 2, 2, 2, 1, 1, 1, 5, 2, 2, 2, 1, 1, 1, 2, 2, 2, 1, 1, 1, 1, 2, 2, 2, 1, 1, 1, 1, 2, 2, 2, 1, 1, 1, 1, 2, 2, 2, 1, 1, 1, 2, 2, 2, 1]"
56,-11.999999999999973,162,True,119,"[1, 1, 5, 5, 5, 5, 2, 2, 5, 5, 6, 6, 5, 5, 6, 6, 5, 5, 3, 6, 6, 7, 7, 3, 5, 6, 2, 1, 1, 1, 1, 1, 1, 1, 1, 1, 8, 8, 8, 8, 8, 8, 1, 1, 1, 1, 1, 1, 8, 8, 0, 5, 2, 2, 2, 2, 2, 2, 4, 5, 5, 5, 5, 5, 5, 4, 4, 6, 3, 3, 3, 5, 5, 0, 2, 2, 2, 2, 2, 2, 2, 7, 7, 7, 7, 7, 3, 6, 1, 8, 8, 8, 8, 8, 8, 2, 4, 0, 5, 5, 5, 5, 5, 5, 1, 0, 6, 6, 6, 6, 6, 6, 3, 3, 3, 3, 3, 3, 5, 4]"
55,-11.999999999999973,163,True,119,"[4, 0, 2, 2, 5, 5, 5, 5, 0, 8, 3, 2, 2, 2, 2, 4, 1, 1, 1, 1, 7, 6, 6, 6, 6, 6, 7, 7, 6, 4, 4, 1, 1, 1, 1, 4, 6, 6, 6, 6, 6, 6, 6, 6, 1, 1, 1, 1, 6, 6, 6, 6, 6, 6, 1, 1, 1, 1, 6, 6, 6, 6, 6, 6, 1, 1, 1, 1, 6, 6, 6, 6, 6, 6, 7, 7, 1, 3, 8, 8, 0, 3, 3, 5, 0, 8, 8, 8, 5, 5, 5, 5, 2, 2, 2, 2, 2, 5, 5, 5, 5, 2, 2, 2, 2, 2, 5, 5, 5, 5, 2, 2, 2, 2, 2, 5, 5, 5, 5, 2]"
54,-11.999999999999973,164,True,119,"[2, 2, 2, 2, 5, 5, 3, 3, 2, 2, 5, 5, 5, 3, 1, 2, 2, 2, 7, 1, 1, 1, 7, 2, 2, 2, 2, 1, 1, 1, 2, 2, 2, 6, 1, 1, 1, 6, 6, 6, 1, 1, 1, 6, 6, 6, 1, 1, 1, 8, 6, 6, 6, 0, 8, 8, 8, 0, 6, 2, 1, 3, 3, 3, 5, 5, 5, 5, 4, 2, 2, 2, 4, 4, 4, 5, 3, 3, 3, 5, 5, 5, 5, 2, 2, 2, 5, 5, 5, 2, 2, 2, 5, 5, 5, 2, 2, 2, 2, 5, 5, 5, 2, 2, 2, 5, 5, 5, 2, 2, 2, 5, 5, 5, 2, 2, 2, 2, 5, 5]"
47,-11.999999999999973,165,True,119,"[5, 5, 5, 5, 5, 5, 4, 2, 2, 2, 2, 2, 2, 6, 4, 1, 1, 1, 1, 1, 0, 0, 6, 6, 6, 6, 6, 8, 0, 1, 1, 1, 1, 1, 1, 8, 6, 6, 6, 6, 6, 6, 1, 1, 1, 1, 1, 6, 6, 6, 6, 6, 1, 1, 1, 1, 1, 3, 3, 3, 6, 6, 1, 1, 2, 2, 2, 5, 5, 5, 6, 6, 6, 1, 1, 1, 3, 6, 6, 6, 6, 3, 7, 1, 1, 1, 8, 8, 7, 7, 8, 8, 0, 6, 6, 6, 6, 6, 7, 5, 5, 5, 5, 5, 1, 2, 2, 2, 2, 2, 1, 1, 1, 1, 1, 3, 3, 2, 2, 2]"
41,-11.999999999999975,166,True,119,"[4, 2, 2, 4, 6, 1, 1, 0, 3, 3, 3, 3, 3, 8, 8, 8, 8, 8, 7, 7, 7, 7, 7, 5, 6, 6, 6, 6, 8, 8, 8, 0, 2, 6, 1, 5, 7, 7, 7, 7, 7, 7, 3, 4, 4, 4, 4, 4, 4, 3, 3, 3, 3, 3, 3, 3, 3, 4, 4, 4, 4, 4, 4, 3, 3, 3, 3, 3, 3, 3, 3, 3, 4, 4, 4, 4, 4, 4, 3, 3, 3, 3, 3, 3, 3, 3, 4, 4, 4, 4, 4, 4, 3, 3, 3, 3, 3, 3, 3, 3, 4, 4, 4, 4, 4, 4, 3, 3, 3, 3, 3, 3, 3, 3, 3, 4, 4, 4, 4, 4]"
10,-11.999999999999973,167,True,119,"[4, 4, 3, 2, 3, 7, 4, 4, 4, 5, 7, 7, 7, 5, 5, 1, 7, 4, 4, 6, 6, 6, 5, 6, 5, 6, 5, 6, 5, 6, 5, 6, 5, 6, 5, 6, 5, 6, 5, 6, 5, 6, 5, 6, 5, 6, 5, 6, 5, 6, 5, 6, 5, 6, 5, 6, 5, 6, 5, 6, 5, 6, 5, 6, 5, 6, 5, 6, 5, 6, 5, 6, 5, 6, 5, 6, 5, 6, 5, 6, 5, 6, 5, 6, 5, 6, 5, 6, 5, 6, 5, 6, 5, 6, 5, 6, 5, 6, 5, 6, 5, 6, 5, 6, 5, 6, 5, 6, 5, 6, 5, 6, 5, 6, 5, 6, 5, 6, 5, 6]"
54,-10.999999999999977,168,True,119,"[6, 3, 2, 4, 4, 4, 4, 0, 1, 1, 1, 1, 0, 7, 7, 8, 8, 8, 8, 7, 7, 7, 7, 0, 5, 3, 2, 2, 2, 8, 8, 8, 8, 8, 1, 6, 2, 4, 3, 3, 3, 3, 3, 3, 5, 4, 4, 4, 4, 4, 4, 0, 3, 3, 3, 3, 3, 3, 7, 2, 2, 0, 6, 4, 4, 7, 7, 7, 3, 5, 1, 1, 4, 4, 4, 4, 4, 4, 4, 6, 8, 0, 1, 5, 2, 3, 3, 3, 3, 3, 3, 3, 7, 7, 2, 2, 7, 3, 5, 5, 2, 2, 5, 5, 2, 2, 0, 5, 5, 8, 8, 8, 8, 8, 8, 8, 8, 3, 3, 3]"
70,-11.999999999999973,169,True,119,"[3, 3, 7, 7, 8, 8, 8, 7, 7, 7, 0, 6, 8, 8, 8, 5, 5, 4, 2, 2, 6, 4, 5, 5, 0, 7, 3, 1, 6, 6, 6, 1, 1, 6, 6, 6, 1, 1, 6, 6, 1, 1, 6, 6, 6, 1, 1, 6, 6, 6, 1, 1, 6, 6, 1, 1, 6, 6, 6, 1, 1, 6, 6, 1, 1, 6, 6, 6, 1, 1, 6, 6, 6, 1, 1, 6, 6, 1, 1, 6, 6, 6, 1, 1, 6, 6, 6, 1, 1, 6, 6, 1, 1, 6, 6, 6, 1, 1, 6, 6, 1, 1, 6, 6, 6, 1, 1, 6, 6, 6, 1, 1, 6, 6, 1, 1, 6, 6, 6, 1]"
1,-11.999999999999973,170,True,119,"[3, 7, 1, 6, 1, 6, 1, 6, 1, 6, 1, 6, 1, 6, 1, 6, 1, 6, 1, 6, 1, 6, 1, 6, 1, 6, 1, 6, 1, 6, 1, 6, 1, 6, 1, 6, 1, 6, 1, 6, 1, 6, 1, 6, 1, 6, 1, 6, 1, 6, 1, 6, 1, 6, 1, 6, 1, 6, 1, 6, 1, 6, 1, 6, 1, 6, 1, 6, 1, 6, 1, 6, 1, 6, 1, 6, 1, 6, 1, 6, 1, 6, 1, 6, 1, 6, 1, 6, 1, 6, 1, 6, 1, 6, 1, 6, 1, 6, 1, 6, 1, 6, 1, 6, 1, 6, 1, 6, 1, 6, 1, 6, 1, 6, 1, 6, 1, 6, 1, 6]"
54,-10.999999999999979,171,True,119,"[1, 1, 8, 8, 8, 8, 8, 8, 8, 1, 8, 2, 2, 2, 2, 2, 2, 2, 0, 6, 8, 1, 1, 1, 1, 1, 1, 1, 8, 6, 6, 6, 6, 6, 6, 6, 3, 3, 1, 6, 6, 8, 1, 1, 5, 8, 8, 7, 7, 8, 8, 7, 7, 8, 8, 7, 7, 8, 8, 7, 7, 8, 8, 7, 7, 8, 8, 7, 7, 8, 8, 7, 7, 8, 8, 7, 7, 8, 8, 7, 7, 8, 8, 7, 7, 8, 8, 7, 7, 8, 8, 7, 7, 8, 8, 7, 7, 8, 8, 7, 7, 8, 8, 7, 7, 8, 8, 7, 7, 8, 8, 7, 7, 4, 4, 7, 7, 4, 4, 7]"
64,-11.999999999999973,172,True,119,"[0, 5, 7, 8, 8, 7, 7, 8, 8, 3, 3, 2, 2, 2, 2, 2, 2, 2, 8, 8, 2, 2, 3, 8, 8, 7, 7, 5, 5, 4, 7, 7, 3, 6, 4, 4, 6, 6, 4, 4, 1, 5, 6, 3, 3, 5, 5, 3, 3, 5, 5, 5, 5, 5, 5, 5, 1, 3, 7, 6, 6, 6, 6, 6, 6, 6, 8, 8, 6, 6, 8, 8, 0, 2, 7, 7, 7, 7, 7, 0, 4, 4, 7, 7, 4, 4, 7, 7, 7, 4, 4, 7, 7, 7, 4, 4, 7, 7, 4, 4, 7, 7, 7, 4, 4, 7, 7, 7, 4, 4, 7, 7, 7, 4, 4, 7, 7, 4, 4, 7]"
50,-11.999999999999975,173,True,119,"[7, 3, 3, 3, 3, 4, 4, 4, 4, 4, 4, 1, 1, 1, 1, 3, 4, 4, 4, 7, 7, 7, 8, 8, 8, 7, 7, 7, 8, 8, 8, 5, 7, 7, 7, 7, 5, 8, 8, 8, 8, 7, 7, 7, 8, 8, 8, 7, 7, 7, 8, 8, 8, 7, 7, 7, 8, 8, 8, 7, 7, 7, 8, 8, 8, 7, 7, 7, 8, 8, 8, 8, 7, 7, 7, 8, 8, 8, 7, 7, 7, 8, 8, 8, 7, 7, 7, 8, 8, 8, 7, 7, 7, 8, 8, 8, 0, 7, 7, 7, 0, 2, 2, 2, 2, 8, 6, 0, 7, 7, 7, 7, 7, 7, 3, 0, 0, 6, 1, 1]"
48,-11.999999999999975,174,True,119,"[1, 8, 2, 6, 0, 4, 3, 3, 3, 3, 7, 7, 4, 4, 4, 4, 7, 7, 7, 7, 4, 4, 4, 4, 7, 7, 7, 7, 0, 4, 4, 4, 4, 6, 2, 0, 8, 7, 7, 7, 7, 1, 5, 8, 8, 8, 8, 5, 1, 7, 7, 7, 7, 7, 7, 8, 8, 8, 8, 7, 7, 7, 7, 7, 8, 8, 8, 8, 7, 7, 7, 7, 7, 8, 8, 8, 8, 7, 7, 7, 7, 7, 8, 8, 8, 8, 7, 7, 7, 7, 8, 8, 8, 8, 7, 7, 7, 7, 7, 8, 8, 8, 8, 7, 7, 7, 7, 7, 8, 8, 8, 8, 7, 7, 7, 7, 7, 8, 8, 8]"
0,0.0,175,False,0,[]
49,-11.999999999999973,176,True,119,"[4, 4, 4, 8, 8, 8, 8, 2, 2, 2, 7, 7, 5, 2, 7, 7, 3, 8, 8, 8, 3, 3, 3, 8, 8, 8, 6, 3, 3, 3, 6, 8, 8, 8, 8, 3, 3, 3, 8, 8, 8, 3, 3, 3, 8, 8, 8, 3, 3, 3, 8, 8, 8, 3, 3, 3, 8, 8, 8, 8, 3, 3, 3, 8, 8, 8, 3, 3, 3, 8, 8, 8, 3, 3, 3, 8, 8, 8, 1, 1, 1, 1, 3, 3, 3, 8, 8, 8, 0, 1, 1, 3, 3, 3, 3, 8, 8, 8, 8, 7, 7, 7, 7, 7, 8, 8, 8, 8, 7, 7, 7, 7, 8, 8, 8, 8, 7, 7, 7, 7]"
24,-11.999999999999973,177,True,119,"[6, 8, 8, 3, 3, 3, 8, 8, 8, 3, 3, 3, 8, 8, 8, 3, 3, 3, 7, 1, 8, 8, 8, 8, 1, 0, 7, 7, 7, 4, 4, 4, 7, 7, 7, 4, 4, 4, 7, 7, 7, 7, 4, 4, 4, 7, 7, 7, 4, 4, 4, 7, 7, 7, 2, 5, 2, 5, 2, 5, 2, 5, 2, 5, 2, 5, 2, 5, 2, 5, 2, 5, 2, 5, 2, 5, 2, 5, 2, 5, 2, 5, 2, 5, 2, 5, 2, 5, 2, 5, 2, 5, 2, 5, 2, 5, 2, 5, 2, 5, 2, 5, 2, 5, 2, 5, 2, 5, 2, 5, 2, 5, 2, 5, 2, 5, 2, 5, 2, 5]"
42,-11.999999999999973,178,True,119,"[4, 1, 2, 3, 0, 3, 0, 5, 5, 2, 0, 0, 0, 0, 0, 0, 0, 0, 0, 0, 0, 0, 2, 2, 2, 0, 0, 0, 0, 5, 5, 5, 3, 8, 8, 8, 5, 5, 0, 7, 8, 4, 2, 2, 2, 2, 2, 2, 4, 4, 8, 2, 0, 7, 7, 7, 7, 5, 5, 5, 3, 6, 7, 7, 6, 3, 3, 1, 1, 6, 1, 6, 1, 6, 1, 6, 1, 6, 1, 6, 1, 6, 1, 6, 1, 6, 1, 6, 1, 6, 1, 6, 1, 6, 1, 6, 1, 6, 1, 6, 1, 6, 1, 6, 1, 6, 1, 6, 1, 6, 1, 6, 1, 6, 1, 6, 1, 6, 1, 6]"
54,-11.999999999999979,179,True,119,"[5, 8, 0, 6, 7, 7, 4, 4, 2, 7, 7, 7, 7, 2, 7, 4, 4, 1, 2, 2, 7, 7, 4, 4, 7, 7, 4, 4, 7, 7, 0, 6, 1, 1, 4, 4, 1, 1, 1, 4, 6, 6, 6, 6, 0, 3, 3, 4, 4, 7, 7, 1, 1, 5, 8, 8, 7, 7, 7, 4, 4, 4, 3, 3, 3, 0, 5, 5, 5, 5, 5, 5, 6, 6, 6, 6, 6, 6, 4, 4, 4, 1, 1, 1, 5, 2, 2, 2, 2, 8, 5, 5, 5, 5, 5, 3, 3, 8, 8, 7, 7, 5, 5, 5, 5, 2, 2, 2, 2, 2, 2, 8, 8, 7, 7, 7, 3, 1, 1, 1]"
33,-11.999999999999973,180,True,119,"[1, 1, 1, 6, 6, 6, 6, 6, 0, 5, 5, 5, 5, 5, 8, 2, 2, 2, 2, 2, 3, 3, 3, 3, 3, 3, 3, 3, 3, 7, 8, 8, 8, 8, 8, 8, 8, 8, 5, 5, 5, 5, 5, 7, 7, 7, 7, 2, 2, 2, 2, 3, 3, 3, 3, 3, 4, 4, 4, 4, 4, 4, 4, 4, 7, 7, 7, 7, 7, 7, 7, 7, 5, 0, 2, 2, 1, 1, 4, 4, 4, 4, 4, 4, 4, 4, 6, 6, 8, 2, 4, 1, 1, 1, 1, 1, 4, 0, 2, 2, 2, 2, 2, 5, 5, 5, 5, 5, 7, 7, 7, 7, 2, 2, 2, 2, 5, 5, 5, 5]"
64,-11.999999999999973,181,True,119,"[6, 6, 8, 2, 0, 7, 5, 5, 5, 5, 3, 1, 7, 4, 0, 2, 2, 2, 2, 4, 4, 2, 8, 1, 0, 3, 3, 3, 5, 5, 5, 0, 3, 7, 6, 6, 6, 1, 1, 1, 8, 6, 6, 6, 2, 4, 4, 6, 7, 7, 4, 4, 7, 7, 5, 5, 5, 4, 6, 6, 6, 4, 4, 5, 7, 7, 5, 5, 5, 6, 6, 6, 5, 5, 5, 6, 6, 6, 6, 5, 5, 5, 6, 6, 6, 6, 6, 5, 5, 5, 6, 6, 6, 6, 5, 5, 5, 6, 6, 6, 6, 5, 5, 5, 6, 6, 6, 6, 5, 5, 5, 6, 6, 6, 6, 6, 5, 5, 5, 6]"
52,-11.999999999999973,182,True,119,"[6, 6, 6, 2, 2, 5, 5, 5, 2, 2, 2, 4, 5, 5, 5, 5, 4, 2, 2, 2, 2, 8, 5, 5, 5, 1, 8, 2, 2, 2, 0, 1, 1, 1, 0, 2, 2, 2, 1, 1, 1, 2, 2, 2, 1, 1, 1, 2, 2, 2, 1, 1, 1, 2, 2, 2, 1, 1, 1, 2, 2, 2, 7, 1, 1, 1, 7, 7, 1, 3, 3, 3, 3, 3, 3, 5, 5, 1, 2, 2, 2, 3, 3, 7, 6, 6, 6, 2, 1, 1, 1, 1, 5, 7, 2, 2, 2, 2, 3, 6, 7, 5, 5, 5, 5, 6, 6, 6, 6, 5, 5, 5, 5, 6, 6, 6, 6, 5, 5, 5]"
44,-10.999999999999979,183,True,119,"[5, 5, 5, 1, 6, 6, 6, 6, 6, 1, 1, 1, 1, 1, 0, 3, 6, 6, 6, 6, 6, 2, 7, 7, 7, 3, 8, 8, 8, 0, 3, 3, 3, 1, 1, 1, 3, 3, 3, 5, 5, 5, 0, 4, 7, 7, 7, 7, 1, 8, 8, 8, 8, 2, 2, 2, 2, 3, 3, 3, 3, 6, 1, 1, 1, 1, 2, 2, 2, 2, 8, 8, 8, 8, 8, 8, 8, 8, 1, 1, 1, 1, 4, 2, 2, 2, 2, 2, 8, 6, 7, 7, 7, 0, 4, 4, 4, 3, 3, 3, 5, 5, 5, 1, 3, 3, 3, 4, 4, 4, 4, 1, 1, 0, 6, 6, 6, 6, 3, 3]"
26,-11.999999999999975,184,True,119,"[4, 4, 4, 4, 4, 5, 5, 7, 7, 0, 0, 0, 0, 0, 3, 3, 6, 6, 6, 8, 0, 8, 6, 3, 3, 3, 1, 1, 3, 3, 3, 3, 7, 6, 6, 6, 5, 5, 5, 1, 8, 8, 8, 8, 8, 6, 6, 8, 8, 1, 1, 2, 5, 2, 5, 2, 5, 2, 5, 2, 5, 2, 5, 2, 5, 2, 5, 2, 5, 2, 5, 2, 5, 2, 5, 2, 5, 2, 5, 2, 5, 2, 5, 2, 5, 2, 5, 2, 5, 2, 5, 2, 5, 2, 5, 2, 5, 2, 5, 2, 5, 2, 5, 2, 5, 2, 5, 2, 5, 2, 5, 2, 5, 2, 5, 2, 5, 2, 5, 2]"
39,-11.999999999999973,185,True,119,"[2, 1, 1, 2, 2, 2, 6, 5, 5, 3, 7, 8, 6, 6, 6, 8, 8, 8, 6, 6, 6, 6, 0, 2, 8, 8, 7, 7, 7, 7, 7, 7, 7, 7, 4, 4, 4, 4, 4, 4, 4, 4, 2, 3, 3, 3, 3, 3, 3, 3, 3, 5, 0, 2, 6, 8, 8, 8, 8, 8, 8, 8, 8, 8, 1, 6, 6, 0, 5, 3, 3, 3, 3, 3, 3, 3, 3, 3, 3, 1, 8, 8, 8, 8, 8, 8, 8, 8, 3, 3, 3, 3, 3, 3, 3, 3, 8, 8, 8, 8, 8, 8, 8, 8, 3, 3, 3, 3, 3, 3, 3, 3, 8, 8, 8, 8, 8, 8, 8, 8]"
32,-10.999999999999977,186,True,119,"[8, 3, 3, 3, 3, 8, 8, 8, 8, 3, 3, 3, 3, 7, 8, 8, 8, 8, 4, 7, 7, 7, 7, 4, 4, 4, 4, 7, 7, 7, 7, 4, 4, 4, 4, 7, 7, 7, 7, 4, 4, 4, 4, 7, 7, 7, 7, 4, 4, 4, 4, 7, 7, 7, 7, 4, 4, 4, 4, 7, 7, 7, 7, 4, 4, 4, 4, 7, 7, 7, 7, 4, 4, 4, 4, 1, 7, 7, 7, 7, 7, 1, 1, 1, 4, 4, 4, 4, 4, 4, 4, 7, 7, 7, 7, 7, 7, 7, 7, 4, 4, 4, 4, 4, 4, 4, 4, 1, 1, 5, 7, 3, 3, 3, 3, 3, 4, 4, 4, 4]"
54,-10.999999999999977,187,True,119,"[4, 4, 8, 0, 3, 3, 7, 6, 0, 5, 5, 1, 8, 4, 3, 3, 3, 2, 0, 4, 4, 4, 4, 4, 5, 4, 1, 1, 0, 8, 6, 0, 2, 2, 2, 0, 8, 4, 7, 7, 4, 4, 5, 5, 5, 5, 7, 1, 4, 6, 6, 6, 6, 3, 3, 1, 1, 1, 3, 3, 3, 6, 6, 1, 1, 8, 8, 8, 8, 4, 5, 5, 6, 6, 6, 6, 3, 3, 5, 5, 5, 6, 6, 6, 6, 3, 0, 2, 5, 5, 5, 5, 7, 7, 7, 8, 8, 8, 8, 5, 5, 2, 2, 2, 2, 5, 5, 5, 5, 2, 2, 2, 2, 5, 5, 5, 5, 3, 2, 2]"
41,-11.999999999999973,188,True,119,"[2, 2, 8, 8, 8, 2, 2, 0, 3, 8, 5, 5, 6, 6, 7, 5, 5, 1, 1, 7, 7, 7, 7, 7, 7, 1, 1, 1, 6, 6, 6, 6, 5, 5, 5, 5, 7, 7, 7, 7, 4, 4, 4, 4, 4, 4, 6, 6, 6, 4, 4, 4, 7, 7, 7, 7, 7, 5, 5, 5, 3, 3, 3, 3, 1, 0, 6, 6, 6, 6, 6, 6, 4, 4, 4, 7, 7, 7, 5, 5, 5, 5, 5, 5, 2, 2, 2, 2, 2, 2, 4, 4, 4, 5, 2, 8, 7, 7, 7, 0, 1, 1, 1, 1, 1, 1, 8, 8, 8, 8, 8, 8, 1, 7, 7, 7, 7, 7, 7, 6]"
47,-11.999999999999973,189,True,119,"[6, 8, 8, 6, 7, 7, 7, 2, 3, 0, 1, 6, 8, 8, 8, 4, 5, 5, 5, 1, 1, 1, 1, 1, 1, 0, 5, 4, 3, 3, 3, 3, 3, 3, 3, 3, 8, 8, 8, 8, 8, 8, 8, 8, 2, 2, 2, 2, 2, 3, 3, 3, 7, 2, 8, 8, 8, 6, 4, 5, 5, 5, 5, 5, 7, 7, 7, 7, 7, 7, 7, 7, 7, 6, 6, 5, 5, 4, 4, 4, 4, 4, 4, 4, 4, 6, 6, 6, 6, 6, 7, 7, 7, 6, 0, 5, 1, 4, 4, 4, 4, 1, 1, 1, 1, 1, 1, 1, 7, 7, 7, 7, 7, 7, 7, 7, 1, 4, 4, 4]"
78,-10.999999999999977,190,True,119,"[6, 6, 4, 4, 4, 4, 4, 4, 1, 8, 8, 8, 8, 8, 8, 8, 8, 8, 2, 8, 7, 0, 0, 0, 0, 7, 3, 8, 8, 3, 3, 8, 8, 3, 3, 5, 5, 8, 3, 6, 6, 2, 8, 8, 5, 6, 3, 3, 3, 5, 5, 5, 5, 6, 6, 5, 5, 6, 6, 5, 5, 1, 6, 6, 1, 1, 6, 6, 1, 1, 6, 6, 1, 1, 6, 6, 1, 1, 6, 6, 1, 1, 1, 6, 6, 1, 1, 6, 6, 1, 1, 4, 6, 6, 4, 4, 8, 5, 5, 1, 7, 7, 8, 8, 7, 7, 4, 4, 0, 5, 5, 4, 6, 4, 8, 2, 2, 2, 5, 5]"
12,-11.999999999999973,191,True,119,"[2, 4, 2, 2, 5, 5, 5, 4, 2, 2, 4, 5, 5, 2, 2, 5, 5, 6, 6, 7, 7, 5, 4, 5, 7, 4, 7, 4, 7, 4, 7, 4, 7, 4, 7, 4, 7, 4, 7, 4, 7, 4, 7, 4, 7, 4, 7, 4, 7, 4, 7, 4, 7, 4, 7, 4, 7, 4, 7, 4, 7, 4, 7, 4, 7, 4, 7, 4, 7, 4, 7, 4, 7, 4, 7, 4, 7, 4, 7, 4, 7, 4, 7, 4, 7, 4, 7, 4, 7, 4, 7, 4, 7, 4, 7, 4, 7, 4, 7, 4, 7, 4, 7, 4, 7, 4, 7, 4, 7, 4, 7, 4, 7, 4, 7, 4, 7, 4, 7, 4]"
50,-10.999999999999973,192,True,119,"[7, 6, 8, 2, 1, 5, 4, 4, 3, 3, 3, 3, 3, 0, 0, 4, 4, 4, 5, 0, 3, 3, 3, 1, 1, 3, 3, 5, 4, 4, 0, 2, 2, 2, 2, 2, 2, 2, 5, 5, 5, 5, 5, 5, 5, 8, 2, 2, 2, 2, 2, 2, 2, 3, 3, 3, 3, 3, 6, 2, 7, 8, 8, 8, 8, 8, 8, 8, 8, 5, 5, 5, 7, 7, 7, 7, 0, 8, 8, 8, 8, 2, 2, 2, 4, 6, 1, 1, 1, 0, 7, 7, 7, 7, 3, 6, 6, 6, 6, 3, 4, 4, 1, 1, 1, 1, 1, 1, 1, 1, 3, 3, 7, 2, 2, 2, 2, 2, 2, 2]"
23,-11.999999999999973,193,True,119,"[2, 7, 7, 7, 3, 7, 7, 7, 6, 5, 4, 1, 7, 7, 7, 7, 4, 5, 5, 5, 0, 0, 0, 0, 0, 3, 4, 3, 4, 3, 4, 3, 4, 3, 4, 3, 4, 3, 4, 3, 4, 3, 4, 3, 4, 3, 4, 3, 4, 3, 4, 3, 4, 3, 4, 3, 4, 3, 4, 3, 4, 3, 4, 3, 4, 3, 4, 3, 4, 3, 4, 3, 4, 3, 4, 3, 4, 3, 4, 3, 4, 3, 4, 3, 4, 3, 4, 3, 4, 3, 4, 3, 4, 3, 4, 3, 4, 3, 4, 3, 4, 3, 4, 3, 4, 3, 4, 3, 4, 3, 4, 3, 4, 3, 4, 3, 4, 3, 4, 3]"
54,-11.999999999999973,194,True,119,"[3, 0, 0, 5, 5, 0, 1, 0, 0, 0, 0, 2, 2, 2, 0, 0, 5, 5, 5, 4, 4, 4, 0, 5, 1, 2, 2, 2, 2, 2, 2, 2, 3, 3, 3, 3, 3, 1, 1, 1, 2, 2, 2, 5, 5, 5, 3, 3, 3, 0, 2, 5, 5, 5, 4, 1, 2, 2, 2, 6, 1, 1, 1, 8, 6, 6, 6, 8, 8, 8, 8, 8, 6, 6, 6, 1, 1, 1, 1, 4, 4, 4, 4, 2, 2, 2, 2, 0, 8, 6, 1, 1, 1, 1, 1, 1, 5, 4, 3, 3, 3, 6, 6, 6, 4, 4, 4, 3, 3, 3, 3, 3, 3, 6, 6, 5, 5, 8, 8, 8]"
38,-11.999999999999973,195,True,119,"[8, 4, 4, 4, 4, 4, 6, 6, 6, 6, 0, 1, 1, 1, 1, 1, 1, 4, 4, 4, 8, 5, 5, 3, 3, 3, 3, 3, 3, 2, 2, 0, 1, 1, 5, 8, 8, 8, 8, 8, 8, 8, 7, 7, 7, 7, 7, 7, 7, 6, 6, 8, 8, 8, 8, 8, 8, 4, 6, 7, 7, 7, 7, 7, 7, 7, 0, 5, 2, 2, 2, 2, 6, 4, 1, 1, 1, 1, 3, 8, 8, 8, 8, 8, 8, 8, 8, 3, 3, 3, 3, 3, 3, 3, 2, 2, 2, 2, 8, 3, 1, 1, 1, 1, 8, 8, 8, 8, 8, 8, 8, 1, 1, 2, 2, 5, 5, 3, 3, 3]"
58,-11.999999999999973,196,True,119,"[7, 5, 5, 5, 5, 0, 3, 3, 0, 6, 8, 8, 8, 6, 5, 5, 5, 6, 6, 6, 2, 0, 3, 3, 3, 5, 2, 8, 8, 8, 1, 1, 1, 8, 8, 8, 2, 2, 1, 1, 1, 8, 8, 3, 3, 3, 5, 5, 1, 1, 2, 2, 2, 2, 8, 8, 5, 5, 3, 3, 0, 5, 5, 5, 2, 2, 2, 2, 8, 8, 0, 5, 5, 2, 2, 2, 1, 1, 1, 3, 3, 6, 6, 4, 4, 1, 1, 3, 3, 6, 6, 1, 1, 1, 1, 4, 4, 8, 3, 7, 2, 2, 2, 2, 1, 1, 1, 1, 3, 6, 6, 6, 6, 8, 8, 5, 5, 0, 4, 4]"
44,-11.999999999999975,197,True,119,"[6, 3, 3, 3, 8, 8, 8, 2, 2, 2, 2, 0, 4, 4, 4, 1, 1, 3, 3, 3, 5, 5, 5, 8, 0, 4, 3, 3, 3, 1, 1, 1, 6, 6, 6, 6, 2, 1, 1, 1, 1, 3, 3, 4, 4, 4, 4, 4, 4, 2, 2, 1, 1, 3, 3, 3, 3, 3, 3, 6, 0, 2, 8, 8, 8, 8, 8, 8, 5, 2, 2, 5, 5, 2, 2, 0, 6, 5, 5, 3, 3, 3, 3, 3, 3, 7, 5, 8, 8, 8, 8, 8, 8, 8, 1, 7, 7, 7, 7, 7, 7, 8, 8, 8, 8, 8, 8, 7, 7, 7, 7, 7, 7, 8, 8, 8, 8, 8, 8, 8]"
38,-11.999999999999973,198,True,119,"[7, 7, 7, 3, 1, 8, 8, 8, 8, 6, 4, 0, 2, 2, 2, 2, 2, 2, 2, 1, 1, 1, 1, 1, 1, 1, 3, 3, 3, 3, 0, 2, 2, 2, 1, 1, 1, 7, 2, 2, 2, 4, 4, 4, 4, 4, 4, 6, 6, 6, 6, 6, 6, 4, 2, 7, 8, 1, 1, 1, 1, 1, 1, 0, 5, 8, 3, 3, 3, 3, 3, 3, 3, 7, 8, 8, 8, 8, 8, 8, 7, 7, 7, 7, 7, 7, 8, 8, 8, 8, 8, 8, 6, 6, 6, 6, 6, 6, 3, 5, 5, 5, 5, 5, 5, 3, 3, 3, 3, 3, 3, 6, 5, 5, 5, 6, 6, 6, 5, 5]"
39,-11.999999999999973,199,True,119,"[5, 6, 0, 1, 8, 8, 8, 1, 3, 3, 3, 7, 0, 1, 8, 8, 8, 6, 6, 6, 6, 2, 5, 5, 5, 5, 2, 2, 2, 2, 5, 5, 5, 5, 0, 2, 2, 2, 2, 4, 4, 7, 7, 7, 7, 7, 7, 7, 3, 4, 4, 4, 4, 4, 4, 4, 0, 2, 3, 3, 3, 3, 3, 3, 3, 6, 6, 6, 6, 6, 5, 5, 5, 5, 5, 5, 2, 2, 2, 2, 2, 2, 8, 8, 8, 8, 8, 5, 5, 3, 3, 3, 3, 1, 1, 1, 1, 1, 1, 0, 2, 2, 2, 2, 2, 2, 2, 7, 7, 7, 8, 8, 8, 8, 8, 8, 5, 5, 6, 6]"
